case_id,cluster_id,source_task_id,split,scenario,difficulty,variant,proposed_decision,instruction,entity_summary,uav_status_summary,intervention_summary,automatic_validation,reviewer_id,review_status,case_valid,exclusion_reason,reviewer_notes
05e12d8e:canonical_execute,cluster:05e12d8e,05e12d8e,train,target_assignment,intermediate,canonical_execute,EXECUTE,take off necessary drones and  assigned them to all targets (within task radius) until the session task progress exceeds 95%.,UAVs=generic fleet; removed=95%,base fleet=10 (idle=10); case fleet=10 (idle=10),unchanged canonical instruction,passed_expected_valid_case_checks,,,,,"Accept: complete, executable target assignment baseline; the fleet context supports EXECUTE. Minor wording edit: change 'assigned' to 'assign'."
05e12d8e:official_alias_execute,cluster:05e12d8e,05e12d8e,train,target_assignment,intermediate,official_alias_execute,EXECUTE,Assign all targets to the available drones and continue until overall task progress exceeds 95%.,UAVs=generic fleet; removed=95%,base fleet=10 (idle=10); case fleet=10 (idle=10),official source alias; no context mutation,passed_expected_valid_case_checks,,,,,Accept: faithful alias; it preserves the operational constraints and supports EXECUTE.
05e12d8e:missing_information_clarify,cluster:05e12d8e,05e12d8e,train,target_assignment,intermediate,missing_information_clarify,CLARIFY,take off necessary drones and assigned them to all targets (within task radius) until the session task progress exceeds the required threshold.,UAVs=generic fleet; removed=95%,base fleet=10 (idle=10); case fleet=10 (idle=10),removed coverage_threshold: 95%,passed_expected_valid_case_checks,,,,,Accept: CLARIFY is correct because the required 95% completion/coverage threshold is omitted. Minor wording edit: change 'assigned' to 'assign'.
05e12d8e:restored_information_execute,cluster:05e12d8e,05e12d8e,train,target_assignment,intermediate,restored_information_execute,EXECUTE,take off necessary drones and assigned them to all targets (within task radius) until the session task progress exceeds the required threshold (95%).,UAVs=generic fleet; removed=95%,base fleet=10 (idle=10); case fleet=10 (idle=10),restored coverage_threshold: 95%,passed_expected_valid_case_checks,,,,,"Accept: the 95% threshold is restored, so EXECUTE is consistent with the available fleet. Minor wording edit: change 'assigned' to 'assign'."
05e12d8e:resource_conflict_block,cluster:05e12d8e,05e12d8e,train,target_assignment,intermediate,resource_conflict_block,BLOCK,take off necessary drones and  assigned them to all targets (within task radius) until the session task progress exceeds 95%.,UAVs=generic fleet; removed=95%,base fleet=10 (idle=10); case fleet=0,irrecoverable fleet conflict; required fleet=1; visible fleet=0; proposed BLOCK,passed_expected_valid_case_checks,,,,,"Accept: BLOCK is correct—at least one UAV is required, but no UAV is visible. Minor wording edit: change 'assigned' to 'assign'."
0f58d7f8:canonical_execute,cluster:0f58d7f8,0f58d7f8,train,target_assignment,intermediate,canonical_execute,EXECUTE,"Drones Drone 9, Drone 5, and Drone 4 should take off to 21 meters altitude and form a triangle formation around target at position (473, 420, 21). Drone 9 positions at (473, 544, 21), Drone 5 at (403, 640, 21), and Drone 4 at (476, 489, 21). After formation is established, all drones maintain hovering.","UAVs=Drone 9, Drone 5, Drone 4; coordinates=(473, 420, 21) | (473, 544, 21) | (403, 640, 21) | (476, 489, 21); removed=Drone 9 | Drone 5 | Drone 4",base fleet=10 (idle=10); case fleet=10 (idle=10),unchanged canonical instruction,passed_expected_valid_case_checks,,,,,"Accept: complete, executable target assignment baseline; the fleet context supports EXECUTE. Minor wording edit: remove the duplicated 'Drone' label."
0f58d7f8:official_alias_execute,cluster:0f58d7f8,0f58d7f8,train,target_assignment,intermediate,official_alias_execute,EXECUTE,"Triangle formation at 21m around target (473, 420, 21): Drone 9 holds (473,544,21), Drone 5 holds (403,640,21), Drone 4 holds (476,489,21), all hovering.","UAVs=Drone 9, Drone 5, Drone 4; coordinates=(473, 420, 21) | (473, 544, 21) | (403, 640, 21) | (476, 489, 21); removed=Drone 9 | Drone 5 | Drone 4",base fleet=10 (idle=10); case fleet=10 (idle=10),official source alias; no context mutation,passed_expected_valid_case_checks,,,,,Accept: faithful alias; it preserves the operational constraints and supports EXECUTE.
0f58d7f8:missing_information_clarify,cluster:0f58d7f8,0f58d7f8,train,target_assignment,intermediate,missing_information_clarify,CLARIFY,"Assigned UAV A, Assigned UAV B, and Assigned UAV C should take off to 21 meters altitude and form a triangle formation around target at position (473, 420, 21). Assigned UAV A positions at (473, 544, 21), Assigned UAV B at (403, 640, 21), and Assigned UAV C at (476, 489, 21). After formation is established, all drones maintain hovering.","UAVs=Drone 9, Drone 5, Drone 4; coordinates=(473, 420, 21) | (473, 544, 21) | (403, 640, 21) | (476, 489, 21); removed=Drone 9 | Drone 5 | Drone 4",base fleet=10 (idle=10); case fleet=10 (idle=10),removed explicit_drone_identity: Drone 9 | Drone 5 | Drone 4,passed_expected_valid_case_checks,,,,,"Accept: CLARIFY is correct because the UAV identity mapping (Drone 9, Drone 5, Drone 4) is omitted."
0f58d7f8:restored_information_execute,cluster:0f58d7f8,0f58d7f8,train,target_assignment,intermediate,restored_information_execute,EXECUTE,"Assigned UAV A (Drone 9), Assigned UAV B (Drone 5), and Assigned UAV C (Drone 4) should take off to 21 meters altitude and form a triangle formation around target at position (473, 420, 21). Assigned UAV A (Drone 9) positions at (473, 544, 21), Assigned UAV B (Drone 5) at (403, 640, 21), and Assigned UAV C (Drone 4) at (476, 489, 21). After formation is established, all drones maintain hovering.","UAVs=Drone 9, Drone 5, Drone 4; coordinates=(473, 420, 21) | (473, 544, 21) | (403, 640, 21) | (476, 489, 21); removed=Drone 9 | Drone 5 | Drone 4",base fleet=10 (idle=10); case fleet=10 (idle=10),restored explicit_drone_identity: Drone 9 | Drone 5 | Drone 4,passed_expected_valid_case_checks,,,,,"Accept: the UAV identities (Drone 9, Drone 5, Drone 4) are restored, making the instruction executable."
0f58d7f8:resource_conflict_block,cluster:0f58d7f8,0f58d7f8,train,target_assignment,intermediate,resource_conflict_block,BLOCK,"Drones Drone 9, Drone 5, and Drone 4 should take off to 21 meters altitude and form a triangle formation around target at position (473, 420, 21). Drone 9 positions at (473, 544, 21), Drone 5 at (403, 640, 21), and Drone 4 at (476, 489, 21). After formation is established, all drones maintain hovering.","UAVs=Drone 9, Drone 5, Drone 4; coordinates=(473, 420, 21) | (473, 544, 21) | (403, 640, 21) | (476, 489, 21); removed=Drone 9 | Drone 5 | Drone 4",base fleet=10 (idle=10); case fleet=7 (idle=7),irrecoverable fleet conflict; removed required UAVs=Drone 4 | Drone 5 | Drone 9; proposed BLOCK,passed_expected_valid_case_checks,,,,,"Accept: BLOCK is correct—the required UAVs (Drone 4, Drone 5, Drone 9) are unavailable and should not be silently substituted. Minor wording edit: remove the duplicated 'Drone' label."
1036bedf:canonical_execute,cluster:1036bedf,1036bedf,train,area_assignment_and_patrol,extreme,canonical_execute,EXECUTE,Take off necessary drones and search the assigned area targets with systematic coverage patterns until the session task progress exceeds 95%.,UAVs=generic fleet; removed=95%,base fleet=30 (idle=30); case fleet=30 (idle=30),unchanged canonical instruction,passed_expected_valid_case_checks,,,,,"Accept: complete, executable area assignment and patrol baseline; the fleet context supports EXECUTE."
1036bedf:official_alias_execute,cluster:1036bedf,1036bedf,train,area_assignment_and_patrol,extreme,official_alias_execute,EXECUTE,Use available drones to search the assigned areas with efficient coverage patterns until task progress exceeds 95%.,UAVs=generic fleet; removed=95%,base fleet=30 (idle=30); case fleet=30 (idle=30),official source alias; no context mutation,passed_expected_valid_case_checks,,,,,Accept: faithful alias; it preserves the operational constraints and supports EXECUTE.
1036bedf:missing_information_clarify,cluster:1036bedf,1036bedf,train,area_assignment_and_patrol,extreme,missing_information_clarify,CLARIFY,Take off necessary drones and search the assigned area targets with systematic coverage patterns until the session task progress exceeds the required threshold.,UAVs=generic fleet; removed=95%,base fleet=30 (idle=30); case fleet=30 (idle=30),removed coverage_threshold: 95%,passed_expected_valid_case_checks,,,,,Accept: CLARIFY is correct because the required 95% completion/coverage threshold is omitted.
1036bedf:restored_information_execute,cluster:1036bedf,1036bedf,train,area_assignment_and_patrol,extreme,restored_information_execute,EXECUTE,Take off necessary drones and search the assigned area targets with systematic coverage patterns until the session task progress exceeds the required threshold (95%).,UAVs=generic fleet; removed=95%,base fleet=30 (idle=30); case fleet=30 (idle=30),restored coverage_threshold: 95%,passed_expected_valid_case_checks,,,,,"Accept: the 95% threshold is restored, so EXECUTE is consistent with the available fleet."
1036bedf:resource_conflict_block,cluster:1036bedf,1036bedf,train,area_assignment_and_patrol,extreme,resource_conflict_block,BLOCK,Take off necessary drones and search the assigned area targets with systematic coverage patterns until the session task progress exceeds 95%.,UAVs=generic fleet; removed=95%,base fleet=30 (idle=30); case fleet=0,irrecoverable fleet conflict; required fleet=1; visible fleet=0; proposed BLOCK,passed_expected_valid_case_checks,,,,,"Accept: BLOCK is correct—at least one UAV is required, but no UAV is visible."
14fd1139:canonical_execute,cluster:14fd1139,14fd1139,train,target_assignment,easy,canonical_execute,EXECUTE,"Take off necessary drones and assign them to reach required targets Fixed Target 3, Fixed Target 2, and Fixed Target 1; if those targets alone do not exceed 50% session task progress, continue reaching additional assigned targets until progress exceeds 50%.",UAVs=generic fleet; targets=Fixed Target 3 | Fixed Target 2 | Fixed Target 1; removed=50%,base fleet=5 (idle=5); case fleet=5 (idle=5),unchanged canonical instruction,passed_expected_valid_case_checks,,,,,"Accept: complete, executable target assignment baseline; the fleet context supports EXECUTE."
14fd1139:official_alias_execute,cluster:14fd1139,14fd1139,train,target_assignment,easy,official_alias_execute,EXECUTE,"Use drones to cover required targets Fixed Target 3, Fixed Target 2, and Fixed Target 1, then continue with additional assigned targets until session progress is over 50%.",UAVs=generic fleet; targets=Fixed Target 3 | Fixed Target 2 | Fixed Target 1; removed=50%,base fleet=5 (idle=5); case fleet=5 (idle=5),official source alias; no context mutation,passed_expected_valid_case_checks,,,,,Accept: faithful alias; it preserves the operational constraints and supports EXECUTE.
14fd1139:missing_information_clarify,cluster:14fd1139,14fd1139,train,target_assignment,easy,missing_information_clarify,CLARIFY,"Take off necessary drones and assign them to reach required targets Fixed Target 3, Fixed Target 2, and Fixed Target 1; if those targets alone do not exceed 50% session task progress, continue reaching additional assigned targets until progress exceeds the required threshold.",UAVs=generic fleet; targets=Fixed Target 3 | Fixed Target 2 | Fixed Target 1; removed=50%,base fleet=5 (idle=5); case fleet=5 (idle=5),removed coverage_threshold: 50%,passed_expected_valid_case_checks,,,,,Accept: CLARIFY is correct because the required 50% completion/coverage threshold is omitted.
14fd1139:restored_information_execute,cluster:14fd1139,14fd1139,train,target_assignment,easy,restored_information_execute,EXECUTE,"Take off necessary drones and assign them to reach required targets Fixed Target 3, Fixed Target 2, and Fixed Target 1; if those targets alone do not exceed 50% session task progress, continue reaching additional assigned targets until progress exceeds the required threshold (50%).",UAVs=generic fleet; targets=Fixed Target 3 | Fixed Target 2 | Fixed Target 1; removed=50%,base fleet=5 (idle=5); case fleet=5 (idle=5),restored coverage_threshold: 50%,passed_expected_valid_case_checks,,,,,"Accept: the 50% threshold is restored, so EXECUTE is consistent with the available fleet."
14fd1139:resource_conflict_block,cluster:14fd1139,14fd1139,train,target_assignment,easy,resource_conflict_block,BLOCK,"Take off necessary drones and assign them to reach required targets Fixed Target 3, Fixed Target 2, and Fixed Target 1; if those targets alone do not exceed 50% session task progress, continue reaching additional assigned targets until progress exceeds 50%.",UAVs=generic fleet; targets=Fixed Target 3 | Fixed Target 2 | Fixed Target 1; removed=50%,base fleet=5 (idle=5); case fleet=0,irrecoverable fleet conflict; required fleet=1; visible fleet=0; proposed BLOCK,passed_expected_valid_case_checks,,,,,"Accept: BLOCK is correct—at least one UAV is required, but no UAV is visible."
18e35f9d:canonical_execute,cluster:18e35f9d,18e35f9d,train,target_assignment,easy,canonical_execute,EXECUTE,"Drones Drone 2, Drone 4, and Drone 1 should take off to 20 meters altitude and form a triangle formation around target at position (408, 402, 20). Drone 2 positions at (408, 371, 20), Drone 4 at (441, 595, 20), and Drone 1 at (474, 580, 20). After formation is established, all drones maintain hovering.","UAVs=Drone 2, Drone 4, Drone 1; coordinates=(408, 402, 20) | (408, 371, 20) | (441, 595, 20) | (474, 580, 20); removed=Drone 2 | Drone 4 | Drone 1",base fleet=5 (idle=5); case fleet=5 (idle=5),unchanged canonical instruction,passed_expected_valid_case_checks,,,,,"Accept: complete, executable target assignment baseline; the fleet context supports EXECUTE. Minor wording edit: remove the duplicated 'Drone' label."
18e35f9d:official_alias_execute,cluster:18e35f9d,18e35f9d,train,target_assignment,easy,official_alias_execute,EXECUTE,"Triangle formation at 20m around target (408, 402, 20): Drone 2 holds (408,371,20), Drone 4 holds (441,595,20), Drone 1 holds (474,580,20), all hovering.","UAVs=Drone 2, Drone 4, Drone 1; coordinates=(408, 402, 20) | (408, 371, 20) | (441, 595, 20) | (474, 580, 20); removed=Drone 2 | Drone 4 | Drone 1",base fleet=5 (idle=5); case fleet=5 (idle=5),official source alias; no context mutation,passed_expected_valid_case_checks,,,,,Accept: faithful alias; it preserves the operational constraints and supports EXECUTE.
18e35f9d:missing_information_clarify,cluster:18e35f9d,18e35f9d,train,target_assignment,easy,missing_information_clarify,CLARIFY,"Assigned UAV A, Assigned UAV B, and Assigned UAV C should take off to 20 meters altitude and form a triangle formation around target at position (408, 402, 20). Assigned UAV A positions at (408, 371, 20), Assigned UAV B at (441, 595, 20), and Assigned UAV C at (474, 580, 20). After formation is established, all drones maintain hovering.","UAVs=Drone 2, Drone 4, Drone 1; coordinates=(408, 402, 20) | (408, 371, 20) | (441, 595, 20) | (474, 580, 20); removed=Drone 2 | Drone 4 | Drone 1",base fleet=5 (idle=5); case fleet=5 (idle=5),removed explicit_drone_identity: Drone 2 | Drone 4 | Drone 1,passed_expected_valid_case_checks,,,,,"Accept: CLARIFY is correct because the UAV identity mapping (Drone 2, Drone 4, Drone 1) is omitted."
18e35f9d:restored_information_execute,cluster:18e35f9d,18e35f9d,train,target_assignment,easy,restored_information_execute,EXECUTE,"Assigned UAV A (Drone 2), Assigned UAV B (Drone 4), and Assigned UAV C (Drone 1) should take off to 20 meters altitude and form a triangle formation around target at position (408, 402, 20). Assigned UAV A (Drone 2) positions at (408, 371, 20), Assigned UAV B (Drone 4) at (441, 595, 20), and Assigned UAV C (Drone 1) at (474, 580, 20). After formation is established, all drones maintain hovering.","UAVs=Drone 2, Drone 4, Drone 1; coordinates=(408, 402, 20) | (408, 371, 20) | (441, 595, 20) | (474, 580, 20); removed=Drone 2 | Drone 4 | Drone 1",base fleet=5 (idle=5); case fleet=5 (idle=5),restored explicit_drone_identity: Drone 2 | Drone 4 | Drone 1,passed_expected_valid_case_checks,,,,,"Accept: the UAV identities (Drone 2, Drone 4, Drone 1) are restored, making the instruction executable."
18e35f9d:resource_conflict_block,cluster:18e35f9d,18e35f9d,train,target_assignment,easy,resource_conflict_block,BLOCK,"Drones Drone 2, Drone 4, and Drone 1 should take off to 20 meters altitude and form a triangle formation around target at position (408, 402, 20). Drone 2 positions at (408, 371, 20), Drone 4 at (441, 595, 20), and Drone 1 at (474, 580, 20). After formation is established, all drones maintain hovering.","UAVs=Drone 2, Drone 4, Drone 1; coordinates=(408, 402, 20) | (408, 371, 20) | (441, 595, 20) | (474, 580, 20); removed=Drone 2 | Drone 4 | Drone 1",base fleet=5 (idle=5); case fleet=2 (idle=2),irrecoverable fleet conflict; removed required UAVs=Drone 1 | Drone 2 | Drone 4; proposed BLOCK,passed_expected_valid_case_checks,,,,,"Accept: BLOCK is correct—the required UAVs (Drone 1, Drone 2, Drone 4) are unavailable and should not be silently substituted. Minor wording edit: remove the duplicated 'Drone' label."
1905e0ad:canonical_execute,cluster:1905e0ad,1905e0ad,train,target_assignment,moderate,canonical_execute,EXECUTE,"Take off necessary drones and assign them to reach required targets Fixed Target 8, Fixed Target 10, Fixed Target 11, Fixed Target 6, and Fixed Target 3; if those targets alone do not exceed 70% session task progress, continue reaching additional assigned targets until progress exceeds 70%.",UAVs=generic fleet; targets=Fixed Target 8 | Fixed Target 10 | Fixed Target 11 | Fixed Target 6 (+1 more); removed=70%,base fleet=15 (idle=15); case fleet=15 (idle=15),unchanged canonical instruction,passed_expected_valid_case_checks,,,,,"Accept: complete, executable target assignment baseline; the fleet context supports EXECUTE."
1905e0ad:official_alias_execute,cluster:1905e0ad,1905e0ad,train,target_assignment,moderate,official_alias_execute,EXECUTE,"Dispatch available drones to the mandatory targets Fixed Target 8, Fixed Target 10, Fixed Target 11, Fixed Target 6, and Fixed Target 3, then reach more assigned targets as needed until progress passes 70%.",UAVs=generic fleet; targets=Fixed Target 8 | Fixed Target 10 | Fixed Target 11 | Fixed Target 6 (+1 more); removed=70%,base fleet=15 (idle=15); case fleet=15 (idle=15),official source alias; no context mutation,passed_expected_valid_case_checks,,,,,Accept: faithful alias; it preserves the operational constraints and supports EXECUTE.
1905e0ad:missing_information_clarify,cluster:1905e0ad,1905e0ad,train,target_assignment,moderate,missing_information_clarify,CLARIFY,"Take off necessary drones and assign them to reach required targets Fixed Target 8, Fixed Target 10, Fixed Target 11, Fixed Target 6, and Fixed Target 3; if those targets alone do not exceed 70% session task progress, continue reaching additional assigned targets until progress exceeds the required threshold.",UAVs=generic fleet; targets=Fixed Target 8 | Fixed Target 10 | Fixed Target 11 | Fixed Target 6 (+1 more); removed=70%,base fleet=15 (idle=15); case fleet=15 (idle=15),removed coverage_threshold: 70%,passed_expected_valid_case_checks,,,,,Accept: CLARIFY is correct because the required 70% completion/coverage threshold is omitted.
1905e0ad:restored_information_execute,cluster:1905e0ad,1905e0ad,train,target_assignment,moderate,restored_information_execute,EXECUTE,"Take off necessary drones and assign them to reach required targets Fixed Target 8, Fixed Target 10, Fixed Target 11, Fixed Target 6, and Fixed Target 3; if those targets alone do not exceed 70% session task progress, continue reaching additional assigned targets until progress exceeds the required threshold (70%).",UAVs=generic fleet; targets=Fixed Target 8 | Fixed Target 10 | Fixed Target 11 | Fixed Target 6 (+1 more); removed=70%,base fleet=15 (idle=15); case fleet=15 (idle=15),restored coverage_threshold: 70%,passed_expected_valid_case_checks,,,,,"Accept: the 70% threshold is restored, so EXECUTE is consistent with the available fleet."
1905e0ad:resource_conflict_block,cluster:1905e0ad,1905e0ad,train,target_assignment,moderate,resource_conflict_block,BLOCK,"Take off necessary drones and assign them to reach required targets Fixed Target 8, Fixed Target 10, Fixed Target 11, Fixed Target 6, and Fixed Target 3; if those targets alone do not exceed 70% session task progress, continue reaching additional assigned targets until progress exceeds 70%.",UAVs=generic fleet; targets=Fixed Target 8 | Fixed Target 10 | Fixed Target 11 | Fixed Target 6 (+1 more); removed=70%,base fleet=15 (idle=15); case fleet=0,irrecoverable fleet conflict; required fleet=1; visible fleet=0; proposed BLOCK,passed_expected_valid_case_checks,,,,,"Accept: BLOCK is correct—at least one UAV is required, but no UAV is visible."
4c8040f9:canonical_execute,cluster:4c8040f9,4c8040f9,train,area_assignment_and_patrol,easy,canonical_execute,EXECUTE,Take off necessary drones and search the assigned area targets with systematic coverage patterns until the session task progress exceeds 95%.,UAVs=generic fleet; removed=95%,base fleet=5 (idle=5); case fleet=5 (idle=5),unchanged canonical instruction,passed_expected_valid_case_checks,,,,,"Accept: complete, executable area assignment and patrol baseline; the fleet context supports EXECUTE."
4c8040f9:official_alias_execute,cluster:4c8040f9,4c8040f9,train,area_assignment_and_patrol,easy,official_alias_execute,EXECUTE,Use available drones to search the assigned areas with efficient coverage patterns until task progress exceeds 95%.,UAVs=generic fleet; removed=95%,base fleet=5 (idle=5); case fleet=5 (idle=5),official source alias; no context mutation,passed_expected_valid_case_checks,,,,,Accept: faithful alias; it preserves the operational constraints and supports EXECUTE.
4c8040f9:missing_information_clarify,cluster:4c8040f9,4c8040f9,train,area_assignment_and_patrol,easy,missing_information_clarify,CLARIFY,Take off necessary drones and search the assigned area targets with systematic coverage patterns until the session task progress exceeds the required threshold.,UAVs=generic fleet; removed=95%,base fleet=5 (idle=5); case fleet=5 (idle=5),removed coverage_threshold: 95%,passed_expected_valid_case_checks,,,,,Accept: CLARIFY is correct because the required 95% completion/coverage threshold is omitted.
4c8040f9:restored_information_execute,cluster:4c8040f9,4c8040f9,train,area_assignment_and_patrol,easy,restored_information_execute,EXECUTE,Take off necessary drones and search the assigned area targets with systematic coverage patterns until the session task progress exceeds the required threshold (95%).,UAVs=generic fleet; removed=95%,base fleet=5 (idle=5); case fleet=5 (idle=5),restored coverage_threshold: 95%,passed_expected_valid_case_checks,,,,,"Accept: the 95% threshold is restored, so EXECUTE is consistent with the available fleet."
4c8040f9:resource_conflict_block,cluster:4c8040f9,4c8040f9,train,area_assignment_and_patrol,easy,resource_conflict_block,BLOCK,Take off necessary drones and search the assigned area targets with systematic coverage patterns until the session task progress exceeds 95%.,UAVs=generic fleet; removed=95%,base fleet=5 (idle=5); case fleet=0,irrecoverable fleet conflict; required fleet=1; visible fleet=0; proposed BLOCK,passed_expected_valid_case_checks,,,,,"Accept: BLOCK is correct—at least one UAV is required, but no UAV is visible."
4cea97cd:canonical_execute,cluster:4cea97cd,4cea97cd,train,area_search,easy,canonical_execute,EXECUTE,Take off necessary drones and search the assigned area targets with systematic coverage patterns until the session task progress exceeds 95%.,UAVs=generic fleet; removed=95%,base fleet=3 (idle=3); case fleet=3 (idle=3),unchanged canonical instruction,passed_expected_valid_case_checks,,,,,"Accept: complete, executable area search baseline; the fleet context supports EXECUTE."
4cea97cd:official_alias_execute,cluster:4cea97cd,4cea97cd,train,area_search,easy,official_alias_execute,EXECUTE,Launch the required drones and perform area coverage searches until overall session progress passes 95%.,UAVs=generic fleet; removed=95%,base fleet=3 (idle=3); case fleet=3 (idle=3),official source alias; no context mutation,passed_expected_valid_case_checks,,,,,Accept: faithful alias; it preserves the operational constraints and supports EXECUTE.
4cea97cd:missing_information_clarify,cluster:4cea97cd,4cea97cd,train,area_search,easy,missing_information_clarify,CLARIFY,Take off necessary drones and search the assigned area targets with systematic coverage patterns until the session task progress exceeds the required threshold.,UAVs=generic fleet; removed=95%,base fleet=3 (idle=3); case fleet=3 (idle=3),removed coverage_threshold: 95%,passed_expected_valid_case_checks,,,,,Accept: CLARIFY is correct because the required 95% completion/coverage threshold is omitted.
4cea97cd:restored_information_execute,cluster:4cea97cd,4cea97cd,train,area_search,easy,restored_information_execute,EXECUTE,Take off necessary drones and search the assigned area targets with systematic coverage patterns until the session task progress exceeds the required threshold (95%).,UAVs=generic fleet; removed=95%,base fleet=3 (idle=3); case fleet=3 (idle=3),restored coverage_threshold: 95%,passed_expected_valid_case_checks,,,,,"Accept: the 95% threshold is restored, so EXECUTE is consistent with the available fleet."
4cea97cd:resource_conflict_block,cluster:4cea97cd,4cea97cd,train,area_search,easy,resource_conflict_block,BLOCK,Take off necessary drones and search the assigned area targets with systematic coverage patterns until the session task progress exceeds 95%.,UAVs=generic fleet; removed=95%,base fleet=3 (idle=3); case fleet=0,irrecoverable fleet conflict; required fleet=1; visible fleet=0; proposed BLOCK,passed_expected_valid_case_checks,,,,,"Accept: BLOCK is correct—at least one UAV is required, but no UAV is visible."
4eac9cca:canonical_execute,cluster:4eac9cca,4eac9cca,train,target_assignment,moderate,canonical_execute,EXECUTE,"Deploy drones Drone 2, Drone 12, Drone 9, and Drone 1 for perimeter search. All take off to 22 meters altitude. Position Drone 2 at guard point (485,753,22), Drone 12 at guard point (665,470,22), Drone 9 at guard point (405,303,22), and Drone 1 at west guard point (332,507,22). All drones hover, take photos at their positions, and maintain search.","UAVs=Drone 2, Drone 12, Drone 9, Drone 1; coordinates=(485,753,22) | (665,470,22) | (405,303,22) | (332,507,22); removed=Drone 2 | Drone 12 | Drone 9 | Drone 1",base fleet=15 (idle=15); case fleet=15 (idle=15),unchanged canonical instruction,passed_expected_valid_case_checks,,,,,"Accept: complete, executable target assignment baseline; the fleet context supports EXECUTE. Minor wording edit: remove the duplicated 'Drone' label."
4eac9cca:official_alias_execute,cluster:4eac9cca,4eac9cca,train,target_assignment,moderate,official_alias_execute,EXECUTE,"Deploy a four-drone perimeter screen: send Drone 2 to (485,753,22), Drone 12 to (665,470,22), Drone 9 to (405,303,22), Drone 1 to (332,507,22) after takeoff to 22m; hover and photograph.","UAVs=Drone 2, Drone 12, Drone 9, Drone 1; coordinates=(485,753,22) | (665,470,22) | (405,303,22) | (332,507,22); removed=Drone 2 | Drone 12 | Drone 9 | Drone 1",base fleet=15 (idle=15); case fleet=15 (idle=15),official source alias; no context mutation,passed_expected_valid_case_checks,,,,,Accept: faithful alias; it preserves the operational constraints and supports EXECUTE.
4eac9cca:missing_information_clarify,cluster:4eac9cca,4eac9cca,train,target_assignment,moderate,missing_information_clarify,CLARIFY,"Deploy assigned UAV A, Assigned UAV B, Assigned UAV C, and Assigned UAV D for perimeter search. All take off to 22 meters altitude. Position Assigned UAV A at guard point (485,753,22), Assigned UAV B at guard point (665,470,22), Assigned UAV C at guard point (405,303,22), and Assigned UAV D at west guard point (332,507,22). All drones hover, take photos at their positions, and maintain search.","UAVs=Drone 2, Drone 12, Drone 9, Drone 1; coordinates=(485,753,22) | (665,470,22) | (405,303,22) | (332,507,22); removed=Drone 2 | Drone 12 | Drone 9 | Drone 1",base fleet=15 (idle=15); case fleet=15 (idle=15),removed explicit_drone_identity: Drone 2 | Drone 12 | Drone 9 | Drone 1,passed_expected_valid_case_checks,,,,,"Accept: CLARIFY is correct because the UAV identity mapping (Drone 2, Drone 12, Drone 9, Drone 1) is omitted."
4eac9cca:restored_information_execute,cluster:4eac9cca,4eac9cca,train,target_assignment,moderate,restored_information_execute,EXECUTE,"Deploy assigned UAV A (Drone 2), Assigned UAV B (Drone 12), Assigned UAV C (Drone 9), and Assigned UAV D (Drone 1) for perimeter search. All take off to 22 meters altitude. Position Assigned UAV A (Drone 2) at guard point (485,753,22), Assigned UAV B (Drone 12) at guard point (665,470,22), Assigned UAV C (Drone 9) at guard point (405,303,22), and Assigned UAV D (Drone 1) at west guard point (332,507,22). All drones hover, take photos at their positions, and maintain search.","UAVs=Drone 2, Drone 12, Drone 9, Drone 1; coordinates=(485,753,22) | (665,470,22) | (405,303,22) | (332,507,22); removed=Drone 2 | Drone 12 | Drone 9 | Drone 1",base fleet=15 (idle=15); case fleet=15 (idle=15),restored explicit_drone_identity: Drone 2 | Drone 12 | Drone 9 | Drone 1,passed_expected_valid_case_checks,,,,,"Accept: the UAV identities (Drone 2, Drone 12, Drone 9, Drone 1) are restored, making the instruction executable."
4eac9cca:resource_conflict_block,cluster:4eac9cca,4eac9cca,train,target_assignment,moderate,resource_conflict_block,BLOCK,"Deploy drones Drone 2, Drone 12, Drone 9, and Drone 1 for perimeter search. All take off to 22 meters altitude. Position Drone 2 at guard point (485,753,22), Drone 12 at guard point (665,470,22), Drone 9 at guard point (405,303,22), and Drone 1 at west guard point (332,507,22). All drones hover, take photos at their positions, and maintain search.","UAVs=Drone 2, Drone 12, Drone 9, Drone 1; coordinates=(485,753,22) | (665,470,22) | (405,303,22) | (332,507,22); removed=Drone 2 | Drone 12 | Drone 9 | Drone 1",base fleet=15 (idle=15); case fleet=11 (idle=11),irrecoverable fleet conflict; removed required UAVs=Drone 1 | Drone 12 | Drone 2 | Drone 9; proposed BLOCK,passed_expected_valid_case_checks,,,,,"Accept: BLOCK is correct—the required UAVs (Drone 1, Drone 12, Drone 2, Drone 9) are unavailable and should not be silently substituted. Minor wording edit: remove the duplicated 'Drone' label."
519784ca:canonical_execute,cluster:519784ca,519784ca,train,area_search,intermediate,canonical_execute,EXECUTE,"Use any available drone or drones to execute comprehensive area coverage searches of Circle Target 2 and Circle Target 1. Cover both target areas with efficient grid, spiral, or serpentine patterns until each target reaches at least 95% area coverage.",UAVs=generic fleet; targets=Circle Target 2 | Circle Target 1; removed=95%,base fleet=5 (idle=5); case fleet=5 (idle=5),unchanged canonical instruction,passed_expected_valid_case_checks,,,,,"Accept: complete, executable area search baseline; the fleet context supports EXECUTE."
519784ca:official_alias_execute,cluster:519784ca,519784ca,train,area_search,intermediate,official_alias_execute,EXECUTE,Perform 95% coverage searches of Circle Target 2 and Circle Target 1 using any available drone or drones.,UAVs=generic fleet; targets=Circle Target 2 | Circle Target 1; removed=95%,base fleet=5 (idle=5); case fleet=5 (idle=5),official source alias; no context mutation,passed_expected_valid_case_checks,,,,,Accept: faithful alias; it preserves the operational constraints and supports EXECUTE.
519784ca:missing_information_clarify,cluster:519784ca,519784ca,train,area_search,intermediate,missing_information_clarify,CLARIFY,"Use any available drone or drones to execute comprehensive area coverage searches of Circle Target 2 and Circle Target 1. Cover both target areas with efficient grid, spiral, or serpentine patterns until each target reaches the required level of area coverage.",UAVs=generic fleet; targets=Circle Target 2 | Circle Target 1; removed=95%,base fleet=5 (idle=5); case fleet=5 (idle=5),removed coverage_threshold: 95%,passed_expected_valid_case_checks,,,,,Accept: CLARIFY is correct because the required 95% completion/coverage threshold is omitted.
519784ca:restored_information_execute,cluster:519784ca,519784ca,train,area_search,intermediate,restored_information_execute,EXECUTE,"Use any available drone or drones to execute comprehensive area coverage searches of Circle Target 2 and Circle Target 1. Cover both target areas with efficient grid, spiral, or serpentine patterns until each target reaches the required level of area coverage (95%).",UAVs=generic fleet; targets=Circle Target 2 | Circle Target 1; removed=95%,base fleet=5 (idle=5); case fleet=5 (idle=5),restored coverage_threshold: 95%,passed_expected_valid_case_checks,,,,,"Accept: the 95% threshold is restored, so EXECUTE is consistent with the available fleet."
519784ca:resource_conflict_block,cluster:519784ca,519784ca,train,area_search,intermediate,resource_conflict_block,BLOCK,"Use any available drone or drones to execute comprehensive area coverage searches of Circle Target 2 and Circle Target 1. Cover both target areas with efficient grid, spiral, or serpentine patterns until each target reaches at least 95% area coverage.",UAVs=generic fleet; targets=Circle Target 2 | Circle Target 1; removed=95%,base fleet=5 (idle=5); case fleet=0,irrecoverable fleet conflict; required fleet=1; visible fleet=0; proposed BLOCK,passed_expected_valid_case_checks,,,,,"Accept: BLOCK is correct—at least one UAV is required, but no UAV is visible."
67cbff58:canonical_execute,cluster:67cbff58,67cbff58,train,target_assignment,hard,canonical_execute,EXECUTE,"Take off necessary drones and assign them to reach required targets Fixed Target 5, Fixed Target 9, and Fixed Target 24; if those targets alone do not exceed 50% session task progress, continue reaching additional assigned targets until progress exceeds 50%.",UAVs=generic fleet; targets=Fixed Target 5 | Fixed Target 9 | Fixed Target 24; removed=50%,base fleet=20 (idle=20); case fleet=20 (idle=20),unchanged canonical instruction,passed_expected_valid_case_checks,,,,,"Accept: complete, executable target assignment baseline; the fleet context supports EXECUTE."
67cbff58:official_alias_execute,cluster:67cbff58,67cbff58,train,target_assignment,hard,official_alias_execute,EXECUTE,"Dispatch available drones to the mandatory targets Fixed Target 5, Fixed Target 9, and Fixed Target 24, then reach more assigned targets as needed until progress passes 50%.",UAVs=generic fleet; targets=Fixed Target 5 | Fixed Target 9 | Fixed Target 24; removed=50%,base fleet=20 (idle=20); case fleet=20 (idle=20),official source alias; no context mutation,passed_expected_valid_case_checks,,,,,Accept: faithful alias; it preserves the operational constraints and supports EXECUTE.
67cbff58:missing_information_clarify,cluster:67cbff58,67cbff58,train,target_assignment,hard,missing_information_clarify,CLARIFY,"Take off necessary drones and assign them to reach required targets Fixed Target 5, Fixed Target 9, and Fixed Target 24; if those targets alone do not exceed 50% session task progress, continue reaching additional assigned targets until progress exceeds the required threshold.",UAVs=generic fleet; targets=Fixed Target 5 | Fixed Target 9 | Fixed Target 24; removed=50%,base fleet=20 (idle=20); case fleet=20 (idle=20),removed coverage_threshold: 50%,passed_expected_valid_case_checks,,,,,Accept: CLARIFY is correct because the required 50% completion/coverage threshold is omitted.
67cbff58:restored_information_execute,cluster:67cbff58,67cbff58,train,target_assignment,hard,restored_information_execute,EXECUTE,"Take off necessary drones and assign them to reach required targets Fixed Target 5, Fixed Target 9, and Fixed Target 24; if those targets alone do not exceed 50% session task progress, continue reaching additional assigned targets until progress exceeds the required threshold (50%).",UAVs=generic fleet; targets=Fixed Target 5 | Fixed Target 9 | Fixed Target 24; removed=50%,base fleet=20 (idle=20); case fleet=20 (idle=20),restored coverage_threshold: 50%,passed_expected_valid_case_checks,,,,,"Accept: the 50% threshold is restored, so EXECUTE is consistent with the available fleet."
67cbff58:resource_conflict_block,cluster:67cbff58,67cbff58,train,target_assignment,hard,resource_conflict_block,BLOCK,"Take off necessary drones and assign them to reach required targets Fixed Target 5, Fixed Target 9, and Fixed Target 24; if those targets alone do not exceed 50% session task progress, continue reaching additional assigned targets until progress exceeds 50%.",UAVs=generic fleet; targets=Fixed Target 5 | Fixed Target 9 | Fixed Target 24; removed=50%,base fleet=20 (idle=20); case fleet=0,irrecoverable fleet conflict; required fleet=1; visible fleet=0; proposed BLOCK,passed_expected_valid_case_checks,,,,,"Accept: BLOCK is correct—at least one UAV is required, but no UAV is visible."
6c4a6010:canonical_execute,cluster:6c4a6010,6c4a6010,train,area_assignment_and_patrol,moderate,canonical_execute,EXECUTE,"Drone Drone 8 must take off to 22 meters, navigate to target Circle Target 2, take a photo, then navigate to target Circle Target 1 and take another photo.",UAVs=Drone 8; targets=Circle Target 2 | Circle Target 1; removed=Drone 8,base fleet=10 (idle=10); case fleet=10 (idle=10),unchanged canonical instruction,passed_expected_valid_case_checks,,,,,"Accept: complete, executable area assignment and patrol baseline; the fleet context supports EXECUTE. Minor wording edit: remove the duplicated 'Drone' label."
6c4a6010:official_alias_execute,cluster:6c4a6010,6c4a6010,train,area_assignment_and_patrol,moderate,official_alias_execute,EXECUTE,"Two-target survey for Drone 8: take off to 22m, navigate to Circle Target 2 for imaging, then image Circle Target 1.",UAVs=Drone 8; targets=Circle Target 2 | Circle Target 1; removed=Drone 8,base fleet=10 (idle=10); case fleet=10 (idle=10),official source alias; no context mutation,passed_expected_valid_case_checks,,,,,Accept: faithful alias; it preserves the operational constraints and supports EXECUTE.
6c4a6010:missing_information_clarify,cluster:6c4a6010,6c4a6010,train,area_assignment_and_patrol,moderate,missing_information_clarify,CLARIFY,"Assigned UAV A must take off to 22 meters, navigate to target Circle Target 2, take a photo, then navigate to target Circle Target 1 and take another photo.",UAVs=Drone 8; targets=Circle Target 2 | Circle Target 1; removed=Drone 8,base fleet=10 (idle=10); case fleet=10 (idle=10),removed explicit_drone_identity: Drone 8,passed_expected_valid_case_checks,,,,,Accept: CLARIFY is correct because the UAV identity mapping (Drone 8) is omitted.
6c4a6010:restored_information_execute,cluster:6c4a6010,6c4a6010,train,area_assignment_and_patrol,moderate,restored_information_execute,EXECUTE,"Assigned UAV A (Drone 8) must take off to 22 meters, navigate to target Circle Target 2, take a photo, then navigate to target Circle Target 1 and take another photo.",UAVs=Drone 8; targets=Circle Target 2 | Circle Target 1; removed=Drone 8,base fleet=10 (idle=10); case fleet=10 (idle=10),restored explicit_drone_identity: Drone 8,passed_expected_valid_case_checks,,,,,"Accept: the UAV identities (Drone 8) are restored, making the instruction executable."
6c4a6010:resource_conflict_block,cluster:6c4a6010,6c4a6010,train,area_assignment_and_patrol,moderate,resource_conflict_block,BLOCK,"Drone Drone 8 must take off to 22 meters, navigate to target Circle Target 2, take a photo, then navigate to target Circle Target 1 and take another photo.",UAVs=Drone 8; targets=Circle Target 2 | Circle Target 1; removed=Drone 8,base fleet=10 (idle=10); case fleet=9 (idle=9),irrecoverable fleet conflict; removed required UAVs=Drone 8; proposed BLOCK,passed_expected_valid_case_checks,,,,,Accept: BLOCK is correct—the required UAVs (Drone 8) are unavailable and should not be silently substituted. Minor wording edit: remove the duplicated 'Drone' label.
6c99299a:canonical_execute,cluster:6c99299a,6c99299a,train,area_search,easy,canonical_execute,EXECUTE,"Drone Drone 2 takes off to 74 meters, flies to (881, 573, 74), loiters for 10 seconds, and captures a photo.","UAVs=Drone 2; coordinates=(881, 573, 74); removed=Drone 2",base fleet=3 (idle=3); case fleet=3 (idle=3),unchanged canonical instruction,passed_expected_valid_case_checks,,,,,"Accept: complete, executable area search baseline; the fleet context supports EXECUTE. Minor wording edit: remove the duplicated 'Drone' label."
6c99299a:official_alias_execute,cluster:6c99299a,6c99299a,train,area_search,easy,official_alias_execute,EXECUTE,"Launch Drone 2 to random coordinates 881,573 at 74m altitude, pause 10s, take photograph","UAVs=Drone 2; coordinates=(881, 573, 74); removed=Drone 2",base fleet=3 (idle=3); case fleet=3 (idle=3),official source alias; no context mutation,passed_expected_valid_case_checks,,,,,Accept: faithful alias; it preserves the operational constraints and supports EXECUTE. Review wording: 'random coordinates' conflicts with the fixed coordinates supplied.
6c99299a:missing_information_clarify,cluster:6c99299a,6c99299a,train,area_search,easy,missing_information_clarify,CLARIFY,"Assigned UAV A takes off to 74 meters, flies to (881, 573, 74), loiters for 10 seconds, and captures a photo.","UAVs=Drone 2; coordinates=(881, 573, 74); removed=Drone 2",base fleet=3 (idle=3); case fleet=3 (idle=3),removed explicit_drone_identity: Drone 2,passed_expected_valid_case_checks,,,,,Accept: CLARIFY is correct because the UAV identity mapping (Drone 2) is omitted.
6c99299a:restored_information_execute,cluster:6c99299a,6c99299a,train,area_search,easy,restored_information_execute,EXECUTE,"Assigned UAV A (Drone 2) takes off to 74 meters, flies to (881, 573, 74), loiters for 10 seconds, and captures a photo.","UAVs=Drone 2; coordinates=(881, 573, 74); removed=Drone 2",base fleet=3 (idle=3); case fleet=3 (idle=3),restored explicit_drone_identity: Drone 2,passed_expected_valid_case_checks,,,,,"Accept: the UAV identities (Drone 2) are restored, making the instruction executable."
6c99299a:resource_conflict_block,cluster:6c99299a,6c99299a,train,area_search,easy,resource_conflict_block,BLOCK,"Drone Drone 2 takes off to 74 meters, flies to (881, 573, 74), loiters for 10 seconds, and captures a photo.","UAVs=Drone 2; coordinates=(881, 573, 74); removed=Drone 2",base fleet=3 (idle=3); case fleet=2 (idle=2),irrecoverable fleet conflict; removed required UAVs=Drone 2; proposed BLOCK,passed_expected_valid_case_checks,,,,,Accept: BLOCK is correct—the required UAVs (Drone 2) are unavailable and should not be silently substituted. Minor wording edit: remove the duplicated 'Drone' label.
89129044:canonical_execute,cluster:89129044,89129044,train,area_assignment_and_patrol,extreme,canonical_execute,EXECUTE,"Drone Drone 25 must take off to 19 meters, fly to position (842, 324, 19), hover at that location, and take a photo.","UAVs=Drone 25; coordinates=(842, 324, 19); removed=Drone 25",base fleet=30 (idle=30); case fleet=30 (idle=30),unchanged canonical instruction,passed_expected_valid_case_checks,,,,,"Accept: complete, executable area assignment and patrol baseline; the fleet context supports EXECUTE. Minor wording edit: remove the duplicated 'Drone' label."
89129044:official_alias_execute,cluster:89129044,89129044,train,area_assignment_and_patrol,extreme,official_alias_execute,EXECUTE,"make drone Drone 25 fly to coordinates (842, 324) at altitude 19 meters and take picture","UAVs=Drone 25; coordinates=(842, 324, 19); removed=Drone 25",base fleet=30 (idle=30); case fleet=30 (idle=30),official source alias; no context mutation,passed_expected_valid_case_checks,,,,,Accept: faithful alias; it preserves the operational constraints and supports EXECUTE. Minor wording edit: remove the duplicated 'Drone' label.
89129044:missing_information_clarify,cluster:89129044,89129044,train,area_assignment_and_patrol,extreme,missing_information_clarify,CLARIFY,"Assigned UAV A must take off to 19 meters, fly to position (842, 324, 19), hover at that location, and take a photo.","UAVs=Drone 25; coordinates=(842, 324, 19); removed=Drone 25",base fleet=30 (idle=30); case fleet=30 (idle=30),removed explicit_drone_identity: Drone 25,passed_expected_valid_case_checks,,,,,Accept: CLARIFY is correct because the UAV identity mapping (Drone 25) is omitted.
89129044:restored_information_execute,cluster:89129044,89129044,train,area_assignment_and_patrol,extreme,restored_information_execute,EXECUTE,"Assigned UAV A (Drone 25) must take off to 19 meters, fly to position (842, 324, 19), hover at that location, and take a photo.","UAVs=Drone 25; coordinates=(842, 324, 19); removed=Drone 25",base fleet=30 (idle=30); case fleet=30 (idle=30),restored explicit_drone_identity: Drone 25,passed_expected_valid_case_checks,,,,,"Accept: the UAV identities (Drone 25) are restored, making the instruction executable."
89129044:resource_conflict_block,cluster:89129044,89129044,train,area_assignment_and_patrol,extreme,resource_conflict_block,BLOCK,"Drone Drone 25 must take off to 19 meters, fly to position (842, 324, 19), hover at that location, and take a photo.","UAVs=Drone 25; coordinates=(842, 324, 19); removed=Drone 25",base fleet=30 (idle=30); case fleet=29 (idle=29),irrecoverable fleet conflict; removed required UAVs=Drone 25; proposed BLOCK,passed_expected_valid_case_checks,,,,,Accept: BLOCK is correct—the required UAVs (Drone 25) are unavailable and should not be silently substituted. Minor wording edit: remove the duplicated 'Drone' label.
91130026:canonical_execute,cluster:91130026,91130026,train,area_search,moderate,canonical_execute,EXECUTE,"Use any available drone or drones to execute comprehensive area coverage searches of Polygon Target 3 and Circle Target 2. Cover both target areas with efficient grid, spiral, or serpentine patterns until each target reaches at least 95% area coverage.",UAVs=generic fleet; targets=Polygon Target 3 | Circle Target 2; removed=95%,base fleet=8 (idle=8); case fleet=8 (idle=8),unchanged canonical instruction,passed_expected_valid_case_checks,,,,,"Accept: complete, executable area search baseline; the fleet context supports EXECUTE."
91130026:official_alias_execute,cluster:91130026,91130026,train,area_search,moderate,official_alias_execute,EXECUTE,"Search Polygon Target 3 and Circle Target 2 without assigning specific drones, ensuring at least 95% area coverage for each target.",UAVs=generic fleet; targets=Polygon Target 3 | Circle Target 2; removed=95%,base fleet=8 (idle=8); case fleet=8 (idle=8),official source alias; no context mutation,passed_expected_valid_case_checks,,,,,Accept: faithful alias; it preserves the operational constraints and supports EXECUTE.
91130026:missing_information_clarify,cluster:91130026,91130026,train,area_search,moderate,missing_information_clarify,CLARIFY,"Use any available drone or drones to execute comprehensive area coverage searches of Polygon Target 3 and Circle Target 2. Cover both target areas with efficient grid, spiral, or serpentine patterns until each target reaches the required level of area coverage.",UAVs=generic fleet; targets=Polygon Target 3 | Circle Target 2; removed=95%,base fleet=8 (idle=8); case fleet=8 (idle=8),removed coverage_threshold: 95%,passed_expected_valid_case_checks,,,,,Accept: CLARIFY is correct because the required 95% completion/coverage threshold is omitted.
91130026:restored_information_execute,cluster:91130026,91130026,train,area_search,moderate,restored_information_execute,EXECUTE,"Use any available drone or drones to execute comprehensive area coverage searches of Polygon Target 3 and Circle Target 2. Cover both target areas with efficient grid, spiral, or serpentine patterns until each target reaches the required level of area coverage (95%).",UAVs=generic fleet; targets=Polygon Target 3 | Circle Target 2; removed=95%,base fleet=8 (idle=8); case fleet=8 (idle=8),restored coverage_threshold: 95%,passed_expected_valid_case_checks,,,,,"Accept: the 95% threshold is restored, so EXECUTE is consistent with the available fleet."
91130026:resource_conflict_block,cluster:91130026,91130026,train,area_search,moderate,resource_conflict_block,BLOCK,"Use any available drone or drones to execute comprehensive area coverage searches of Polygon Target 3 and Circle Target 2. Cover both target areas with efficient grid, spiral, or serpentine patterns until each target reaches at least 95% area coverage.",UAVs=generic fleet; targets=Polygon Target 3 | Circle Target 2; removed=95%,base fleet=8 (idle=8); case fleet=0,irrecoverable fleet conflict; required fleet=1; visible fleet=0; proposed BLOCK,passed_expected_valid_case_checks,,,,,"Accept: BLOCK is correct—at least one UAV is required, but no UAV is visible."
9b355a03:canonical_execute,cluster:9b355a03,9b355a03,train,area_search,hard,canonical_execute,EXECUTE,"Drones Drone 4, Drone 8, and Drone 10 should take off to 19 meters altitude and form a triangle formation around target at position (483, 553, 19). Drone 4 positions at (483, 483, 19), Drone 8 at (491, 640, 19), and Drone 10 at (545, 413, 19). After formation is established, all drones maintain hovering.","UAVs=Drone 4, Drone 8, Drone 10; coordinates=(483, 553, 19) | (483, 483, 19) | (491, 640, 19) | (545, 413, 19); removed=Drone 4 | Drone 8 | Drone 10",base fleet=10 (idle=10); case fleet=10 (idle=10),unchanged canonical instruction,passed_expected_valid_case_checks,,,,,"Accept: complete, executable area search baseline; the fleet context supports EXECUTE. Minor wording edit: remove the duplicated 'Drone' label."
9b355a03:official_alias_execute,cluster:9b355a03,9b355a03,train,area_search,hard,official_alias_execute,EXECUTE,"Form a three-point hover after takeoff to 19m around target (483, 553, 19): Drone 4 at (483,483,19), Drone 8 at (491,640,19), Drone 10 at (545,413,19), then hover.","UAVs=Drone 4, Drone 8, Drone 10; coordinates=(483, 553, 19) | (483, 483, 19) | (491, 640, 19) | (545, 413, 19); removed=Drone 4 | Drone 8 | Drone 10",base fleet=10 (idle=10); case fleet=10 (idle=10),official source alias; no context mutation,passed_expected_valid_case_checks,,,,,Accept: faithful alias; it preserves the operational constraints and supports EXECUTE.
9b355a03:missing_information_clarify,cluster:9b355a03,9b355a03,train,area_search,hard,missing_information_clarify,CLARIFY,"Assigned UAV A, Assigned UAV B, and Assigned UAV C should take off to 19 meters altitude and form a triangle formation around target at position (483, 553, 19). Assigned UAV A positions at (483, 483, 19), Assigned UAV B at (491, 640, 19), and Assigned UAV C at (545, 413, 19). After formation is established, all drones maintain hovering.","UAVs=Drone 4, Drone 8, Drone 10; coordinates=(483, 553, 19) | (483, 483, 19) | (491, 640, 19) | (545, 413, 19); removed=Drone 4 | Drone 8 | Drone 10",base fleet=10 (idle=10); case fleet=10 (idle=10),removed explicit_drone_identity: Drone 4 | Drone 8 | Drone 10,passed_expected_valid_case_checks,,,,,"Accept: CLARIFY is correct because the UAV identity mapping (Drone 4, Drone 8, Drone 10) is omitted."
9b355a03:restored_information_execute,cluster:9b355a03,9b355a03,train,area_search,hard,restored_information_execute,EXECUTE,"Assigned UAV A (Drone 4), Assigned UAV B (Drone 8), and Assigned UAV C (Drone 10) should take off to 19 meters altitude and form a triangle formation around target at position (483, 553, 19). Assigned UAV A (Drone 4) positions at (483, 483, 19), Assigned UAV B (Drone 8) at (491, 640, 19), and Assigned UAV C (Drone 10) at (545, 413, 19). After formation is established, all drones maintain hovering.","UAVs=Drone 4, Drone 8, Drone 10; coordinates=(483, 553, 19) | (483, 483, 19) | (491, 640, 19) | (545, 413, 19); removed=Drone 4 | Drone 8 | Drone 10",base fleet=10 (idle=10); case fleet=10 (idle=10),restored explicit_drone_identity: Drone 4 | Drone 8 | Drone 10,passed_expected_valid_case_checks,,,,,"Accept: the UAV identities (Drone 4, Drone 8, Drone 10) are restored, making the instruction executable."
9b355a03:resource_conflict_block,cluster:9b355a03,9b355a03,train,area_search,hard,resource_conflict_block,BLOCK,"Drones Drone 4, Drone 8, and Drone 10 should take off to 19 meters altitude and form a triangle formation around target at position (483, 553, 19). Drone 4 positions at (483, 483, 19), Drone 8 at (491, 640, 19), and Drone 10 at (545, 413, 19). After formation is established, all drones maintain hovering.","UAVs=Drone 4, Drone 8, Drone 10; coordinates=(483, 553, 19) | (483, 483, 19) | (491, 640, 19) | (545, 413, 19); removed=Drone 4 | Drone 8 | Drone 10",base fleet=10 (idle=10); case fleet=7 (idle=7),irrecoverable fleet conflict; removed required UAVs=Drone 10 | Drone 4 | Drone 8; proposed BLOCK,passed_expected_valid_case_checks,,,,,"Accept: BLOCK is correct—the required UAVs (Drone 10, Drone 4, Drone 8) are unavailable and should not be silently substituted. Minor wording edit: remove the duplicated 'Drone' label."
9ec0f798:canonical_execute,cluster:9ec0f798,9ec0f798,train,area_search,moderate,canonical_execute,EXECUTE,"Drone Drone 5 performs sequential multi-target mission: take off to 21 meters, visit targets Circle Target 1, Polygon Target 2, and Circle Target 2 in sequence. At each target, get within the target radius, hover for observation, and take a photo. Plan optimal route to minimize flight distance.",UAVs=Drone 5; targets=Circle Target 1 | Polygon Target 2 | Circle Target 2; removed=Drone 5,base fleet=8 (idle=8); case fleet=8 (idle=8),unchanged canonical instruction,passed_expected_valid_case_checks,,,,,"Accept: complete, executable area search baseline; the fleet context supports EXECUTE. Minor wording edit: remove the duplicated 'Drone' label."
9ec0f798:official_alias_execute,cluster:9ec0f798,9ec0f798,train,area_search,moderate,official_alias_execute,EXECUTE,"Drone 5 sequential inspection run: take off to 21 meters, proceed Circle Target 1 → Polygon Target 2 → Circle Target 2, and for each target hover within range and take a photo, optimizing the path length.",UAVs=Drone 5; targets=Circle Target 1 | Polygon Target 2 | Circle Target 2; removed=Drone 5,base fleet=8 (idle=8); case fleet=8 (idle=8),official source alias; no context mutation,passed_expected_valid_case_checks,,,,,Accept: faithful alias; it preserves the operational constraints and supports EXECUTE.
9ec0f798:missing_information_clarify,cluster:9ec0f798,9ec0f798,train,area_search,moderate,missing_information_clarify,CLARIFY,"Assigned UAV A performs sequential multi-target mission: take off to 21 meters, visit targets Circle Target 1, Polygon Target 2, and Circle Target 2 in sequence. At each target, get within the target radius, hover for observation, and take a photo. Plan optimal route to minimize flight distance.",UAVs=Drone 5; targets=Circle Target 1 | Polygon Target 2 | Circle Target 2; removed=Drone 5,base fleet=8 (idle=8); case fleet=8 (idle=8),removed explicit_drone_identity: Drone 5,passed_expected_valid_case_checks,,,,,Accept: CLARIFY is correct because the UAV identity mapping (Drone 5) is omitted.
9ec0f798:restored_information_execute,cluster:9ec0f798,9ec0f798,train,area_search,moderate,restored_information_execute,EXECUTE,"Assigned UAV A (Drone 5) performs sequential multi-target mission: take off to 21 meters, visit targets Circle Target 1, Polygon Target 2, and Circle Target 2 in sequence. At each target, get within the target radius, hover for observation, and take a photo. Plan optimal route to minimize flight distance.",UAVs=Drone 5; targets=Circle Target 1 | Polygon Target 2 | Circle Target 2; removed=Drone 5,base fleet=8 (idle=8); case fleet=8 (idle=8),restored explicit_drone_identity: Drone 5,passed_expected_valid_case_checks,,,,,"Accept: the UAV identities (Drone 5) are restored, making the instruction executable."
9ec0f798:resource_conflict_block,cluster:9ec0f798,9ec0f798,train,area_search,moderate,resource_conflict_block,BLOCK,"Drone Drone 5 performs sequential multi-target mission: take off to 21 meters, visit targets Circle Target 1, Polygon Target 2, and Circle Target 2 in sequence. At each target, get within the target radius, hover for observation, and take a photo. Plan optimal route to minimize flight distance.",UAVs=Drone 5; targets=Circle Target 1 | Polygon Target 2 | Circle Target 2; removed=Drone 5,base fleet=8 (idle=8); case fleet=7 (idle=7),irrecoverable fleet conflict; removed required UAVs=Drone 5; proposed BLOCK,passed_expected_valid_case_checks,,,,,Accept: BLOCK is correct—the required UAVs (Drone 5) are unavailable and should not be silently substituted. Minor wording edit: remove the duplicated 'Drone' label.
a2fa2e02:canonical_execute,cluster:a2fa2e02,a2fa2e02,train,area_search,hard,canonical_execute,EXECUTE,"Use any available drone or drones to execute comprehensive area coverage searches of Polygon Target 4 and Polygon Target 3. Cover both target areas with efficient grid, spiral, or serpentine patterns until each target reaches at least 95% area coverage.",UAVs=generic fleet; targets=Polygon Target 4 | Polygon Target 3; removed=95%,base fleet=10 (idle=10); case fleet=10 (idle=10),unchanged canonical instruction,passed_expected_valid_case_checks,,,,,"Accept: complete, executable area search baseline; the fleet context supports EXECUTE."
a2fa2e02:official_alias_execute,cluster:a2fa2e02,a2fa2e02,train,area_search,hard,official_alias_execute,EXECUTE,"Complete flexible-drone coverage sweeps of Polygon Target 4 and Polygon Target 3, reaching at least 95% searched area on both.",UAVs=generic fleet; targets=Polygon Target 4 | Polygon Target 3; removed=95%,base fleet=10 (idle=10); case fleet=10 (idle=10),official source alias; no context mutation,passed_expected_valid_case_checks,,,,,Accept: faithful alias; it preserves the operational constraints and supports EXECUTE.
a2fa2e02:missing_information_clarify,cluster:a2fa2e02,a2fa2e02,train,area_search,hard,missing_information_clarify,CLARIFY,"Use any available drone or drones to execute comprehensive area coverage searches of Polygon Target 4 and Polygon Target 3. Cover both target areas with efficient grid, spiral, or serpentine patterns until each target reaches the required level of area coverage.",UAVs=generic fleet; targets=Polygon Target 4 | Polygon Target 3; removed=95%,base fleet=10 (idle=10); case fleet=10 (idle=10),removed coverage_threshold: 95%,passed_expected_valid_case_checks,,,,,Accept: CLARIFY is correct because the required 95% completion/coverage threshold is omitted.
a2fa2e02:restored_information_execute,cluster:a2fa2e02,a2fa2e02,train,area_search,hard,restored_information_execute,EXECUTE,"Use any available drone or drones to execute comprehensive area coverage searches of Polygon Target 4 and Polygon Target 3. Cover both target areas with efficient grid, spiral, or serpentine patterns until each target reaches the required level of area coverage (95%).",UAVs=generic fleet; targets=Polygon Target 4 | Polygon Target 3; removed=95%,base fleet=10 (idle=10); case fleet=10 (idle=10),restored coverage_threshold: 95%,passed_expected_valid_case_checks,,,,,"Accept: the 95% threshold is restored, so EXECUTE is consistent with the available fleet."
a2fa2e02:resource_conflict_block,cluster:a2fa2e02,a2fa2e02,train,area_search,hard,resource_conflict_block,BLOCK,"Use any available drone or drones to execute comprehensive area coverage searches of Polygon Target 4 and Polygon Target 3. Cover both target areas with efficient grid, spiral, or serpentine patterns until each target reaches at least 95% area coverage.",UAVs=generic fleet; targets=Polygon Target 4 | Polygon Target 3; removed=95%,base fleet=10 (idle=10); case fleet=0,irrecoverable fleet conflict; required fleet=1; visible fleet=0; proposed BLOCK,passed_expected_valid_case_checks,,,,,"Accept: BLOCK is correct—at least one UAV is required, but no UAV is visible."
a45a0c87:canonical_execute,cluster:a45a0c87,a45a0c87,train,area_assignment_and_patrol,hard,canonical_execute,EXECUTE,"Three-drone coordination exercise: Drone 1, Drone 18, and Drone 17 take off together to 18 meters altitude, then hold formation at positions (637, 462, 18), (691, 421, 18), and (649, 702, 18) respectively for synchronized operation. Then all three drones move north for 65m, and next move east for 78m. Each drone must complete the specified directional movements (north 65m, then east 78m) regardless of starting position - if obstacles block the path, drones should adjust position as needed to complete the full directed distance in each heading.","UAVs=Drone 1, Drone 18, Drone 17; coordinates=(637, 462, 18) | (691, 421, 18) | (649, 702, 18); removed=Drone 1 | Drone 18 | Drone 17",base fleet=20 (idle=20); case fleet=20 (idle=20),unchanged canonical instruction,passed_expected_valid_case_checks,,,,,"Accept: complete, executable area assignment and patrol baseline; the fleet context supports EXECUTE."
a45a0c87:official_alias_execute,cluster:a45a0c87,a45a0c87,train,area_assignment_and_patrol,hard,official_alias_execute,EXECUTE,"Three-drone coordinated maneuver: Drone 1, Drone 18, and Drone 17 lift off to 18m elevation, hold formation positions at (637, 462, 18), (691, 421, 18), and (649, 702, 18) respectively, then travel north 65 meters and east 78 meters in sequence. The specified directional distances must be achieved by each drone, adapting position to circumvent any obstacles.","UAVs=Drone 1, Drone 18, Drone 17; coordinates=(637, 462, 18) | (691, 421, 18) | (649, 702, 18); removed=Drone 1 | Drone 18 | Drone 17",base fleet=20 (idle=20); case fleet=20 (idle=20),official source alias; no context mutation,passed_expected_valid_case_checks,,,,,Accept: faithful alias; it preserves the operational constraints and supports EXECUTE.
a45a0c87:missing_information_clarify,cluster:a45a0c87,a45a0c87,train,area_assignment_and_patrol,hard,missing_information_clarify,CLARIFY,"Three-drone coordination exercise: Assigned UAV A, Assigned UAV B, and Assigned UAV C take off together to 18 meters altitude, then hold formation at positions (637, 462, 18), (691, 421, 18), and (649, 702, 18) respectively for synchronized operation. Then all three drones move north for 65m, and next move east for 78m. Each drone must complete the specified directional movements (north 65m, then east 78m) regardless of starting position - if obstacles block the path, drones should adjust position as needed to complete the full directed distance in each heading.","UAVs=Drone 1, Drone 18, Drone 17; coordinates=(637, 462, 18) | (691, 421, 18) | (649, 702, 18); removed=Drone 1 | Drone 18 | Drone 17",base fleet=20 (idle=20); case fleet=20 (idle=20),removed explicit_drone_identity: Drone 1 | Drone 18 | Drone 17,passed_expected_valid_case_checks,,,,,"Accept: CLARIFY is correct because the UAV identity mapping (Drone 1, Drone 18, Drone 17) is omitted."
a45a0c87:restored_information_execute,cluster:a45a0c87,a45a0c87,train,area_assignment_and_patrol,hard,restored_information_execute,EXECUTE,"Three-drone coordination exercise: Assigned UAV A (Drone 1), Assigned UAV B (Drone 18), and Assigned UAV C (Drone 17) take off together to 18 meters altitude, then hold formation at positions (637, 462, 18), (691, 421, 18), and (649, 702, 18) respectively for synchronized operation. Then all three drones move north for 65m, and next move east for 78m. Each drone must complete the specified directional movements (north 65m, then east 78m) regardless of starting position - if obstacles block the path, drones should adjust position as needed to complete the full directed distance in each heading.","UAVs=Drone 1, Drone 18, Drone 17; coordinates=(637, 462, 18) | (691, 421, 18) | (649, 702, 18); removed=Drone 1 | Drone 18 | Drone 17",base fleet=20 (idle=20); case fleet=20 (idle=20),restored explicit_drone_identity: Drone 1 | Drone 18 | Drone 17,passed_expected_valid_case_checks,,,,,"Accept: the UAV identities (Drone 1, Drone 18, Drone 17) are restored, making the instruction executable."
a45a0c87:resource_conflict_block,cluster:a45a0c87,a45a0c87,train,area_assignment_and_patrol,hard,resource_conflict_block,BLOCK,"Three-drone coordination exercise: Drone 1, Drone 18, and Drone 17 take off together to 18 meters altitude, then hold formation at positions (637, 462, 18), (691, 421, 18), and (649, 702, 18) respectively for synchronized operation. Then all three drones move north for 65m, and next move east for 78m. Each drone must complete the specified directional movements (north 65m, then east 78m) regardless of starting position - if obstacles block the path, drones should adjust position as needed to complete the full directed distance in each heading.","UAVs=Drone 1, Drone 18, Drone 17; coordinates=(637, 462, 18) | (691, 421, 18) | (649, 702, 18); removed=Drone 1 | Drone 18 | Drone 17",base fleet=20 (idle=20); case fleet=17 (idle=17),irrecoverable fleet conflict; removed required UAVs=Drone 1 | Drone 17 | Drone 18; proposed BLOCK,passed_expected_valid_case_checks,,,,,"Accept: BLOCK is correct—the required UAVs (Drone 1, Drone 17, Drone 18) are unavailable and should not be silently substituted."
ac5f85f8:canonical_execute,cluster:ac5f85f8,ac5f85f8,train,area_assignment_and_patrol,intermediate,canonical_execute,EXECUTE,Take off necessary drones and search the assigned area targets with systematic coverage patterns until the session task progress exceeds 95%.,UAVs=generic fleet; removed=95%,base fleet=8 (idle=8); case fleet=8 (idle=8),unchanged canonical instruction,passed_expected_valid_case_checks,,,,,"Accept: complete, executable area assignment and patrol baseline; the fleet context supports EXECUTE."
ac5f85f8:official_alias_execute,cluster:ac5f85f8,ac5f85f8,train,area_assignment_and_patrol,intermediate,official_alias_execute,EXECUTE,Continue area search operations across the session until the task progress is above 95%.,UAVs=generic fleet; removed=95%,base fleet=8 (idle=8); case fleet=8 (idle=8),official source alias; no context mutation,passed_expected_valid_case_checks,,,,,Accept: faithful alias; it preserves the operational constraints and supports EXECUTE.
ac5f85f8:missing_information_clarify,cluster:ac5f85f8,ac5f85f8,train,area_assignment_and_patrol,intermediate,missing_information_clarify,CLARIFY,Take off necessary drones and search the assigned area targets with systematic coverage patterns until the session task progress exceeds the required threshold.,UAVs=generic fleet; removed=95%,base fleet=8 (idle=8); case fleet=8 (idle=8),removed coverage_threshold: 95%,passed_expected_valid_case_checks,,,,,Accept: CLARIFY is correct because the required 95% completion/coverage threshold is omitted.
ac5f85f8:restored_information_execute,cluster:ac5f85f8,ac5f85f8,train,area_assignment_and_patrol,intermediate,restored_information_execute,EXECUTE,Take off necessary drones and search the assigned area targets with systematic coverage patterns until the session task progress exceeds the required threshold (95%).,UAVs=generic fleet; removed=95%,base fleet=8 (idle=8); case fleet=8 (idle=8),restored coverage_threshold: 95%,passed_expected_valid_case_checks,,,,,"Accept: the 95% threshold is restored, so EXECUTE is consistent with the available fleet."
ac5f85f8:resource_conflict_block,cluster:ac5f85f8,ac5f85f8,train,area_assignment_and_patrol,intermediate,resource_conflict_block,BLOCK,Take off necessary drones and search the assigned area targets with systematic coverage patterns until the session task progress exceeds 95%.,UAVs=generic fleet; removed=95%,base fleet=8 (idle=8); case fleet=0,irrecoverable fleet conflict; required fleet=1; visible fleet=0; proposed BLOCK,passed_expected_valid_case_checks,,,,,"Accept: BLOCK is correct—at least one UAV is required, but no UAV is visible."
c96a0146:canonical_execute,cluster:c96a0146,c96a0146,train,target_assignment,extreme,canonical_execute,EXECUTE,take off necessary drones and  assigned them to all targets (within task radius) until the session task progress exceeds 95%.,UAVs=generic fleet; removed=95%,base fleet=30 (idle=30); case fleet=30 (idle=30),unchanged canonical instruction,passed_expected_valid_case_checks,,,,,"Accept: complete, executable target assignment baseline; the fleet context supports EXECUTE. Minor wording edit: change 'assigned' to 'assign'."
c96a0146:official_alias_execute,cluster:c96a0146,c96a0146,train,target_assignment,extreme,official_alias_execute,EXECUTE,Launch the required drones and assign them to all targets within the task radius until session progress passes 95%.,UAVs=generic fleet; removed=95%,base fleet=30 (idle=30); case fleet=30 (idle=30),official source alias; no context mutation,passed_expected_valid_case_checks,,,,,Accept: faithful alias; it preserves the operational constraints and supports EXECUTE.
c96a0146:missing_information_clarify,cluster:c96a0146,c96a0146,train,target_assignment,extreme,missing_information_clarify,CLARIFY,take off necessary drones and assigned them to all targets (within task radius) until the session task progress exceeds the required threshold.,UAVs=generic fleet; removed=95%,base fleet=30 (idle=30); case fleet=30 (idle=30),removed coverage_threshold: 95%,passed_expected_valid_case_checks,,,,,Accept: CLARIFY is correct because the required 95% completion/coverage threshold is omitted. Minor wording edit: change 'assigned' to 'assign'.
c96a0146:restored_information_execute,cluster:c96a0146,c96a0146,train,target_assignment,extreme,restored_information_execute,EXECUTE,take off necessary drones and assigned them to all targets (within task radius) until the session task progress exceeds the required threshold (95%).,UAVs=generic fleet; removed=95%,base fleet=30 (idle=30); case fleet=30 (idle=30),restored coverage_threshold: 95%,passed_expected_valid_case_checks,,,,,"Accept: the 95% threshold is restored, so EXECUTE is consistent with the available fleet. Minor wording edit: change 'assigned' to 'assign'."
c96a0146:resource_conflict_block,cluster:c96a0146,c96a0146,train,target_assignment,extreme,resource_conflict_block,BLOCK,take off necessary drones and  assigned them to all targets (within task radius) until the session task progress exceeds 95%.,UAVs=generic fleet; removed=95%,base fleet=30 (idle=30); case fleet=0,irrecoverable fleet conflict; required fleet=1; visible fleet=0; proposed BLOCK,passed_expected_valid_case_checks,,,,,"Accept: BLOCK is correct—at least one UAV is required, but no UAV is visible. Minor wording edit: change 'assigned' to 'assign'."
cf6f176c:canonical_execute,cluster:cf6f176c,cf6f176c,train,area_search,extreme,canonical_execute,EXECUTE,"Use any available drone or drones to execute comprehensive area coverage searches of Polygon Target 3 and Polygon Target 10. Cover both target areas with efficient grid, spiral, or serpentine patterns until each target reaches at least 95% area coverage.",UAVs=generic fleet; targets=Polygon Target 3 | Polygon Target 10; removed=95%,base fleet=20 (idle=20); case fleet=20 (idle=20),unchanged canonical instruction,passed_expected_valid_case_checks,,,,,"Accept: complete, executable area search baseline; the fleet context supports EXECUTE."
cf6f176c:official_alias_execute,cluster:cf6f176c,cf6f176c,train,area_search,extreme,official_alias_execute,EXECUTE,"Complete flexible-drone coverage sweeps of Polygon Target 3 and Polygon Target 10, reaching at least 95% searched area on both.",UAVs=generic fleet; targets=Polygon Target 3 | Polygon Target 10; removed=95%,base fleet=20 (idle=20); case fleet=20 (idle=20),official source alias; no context mutation,passed_expected_valid_case_checks,,,,,Accept: faithful alias; it preserves the operational constraints and supports EXECUTE.
cf6f176c:missing_information_clarify,cluster:cf6f176c,cf6f176c,train,area_search,extreme,missing_information_clarify,CLARIFY,"Use any available drone or drones to execute comprehensive area coverage searches of Polygon Target 3 and Polygon Target 10. Cover both target areas with efficient grid, spiral, or serpentine patterns until each target reaches the required level of area coverage.",UAVs=generic fleet; targets=Polygon Target 3 | Polygon Target 10; removed=95%,base fleet=20 (idle=20); case fleet=20 (idle=20),removed coverage_threshold: 95%,passed_expected_valid_case_checks,,,,,Accept: CLARIFY is correct because the required 95% completion/coverage threshold is omitted.
cf6f176c:restored_information_execute,cluster:cf6f176c,cf6f176c,train,area_search,extreme,restored_information_execute,EXECUTE,"Use any available drone or drones to execute comprehensive area coverage searches of Polygon Target 3 and Polygon Target 10. Cover both target areas with efficient grid, spiral, or serpentine patterns until each target reaches the required level of area coverage (95%).",UAVs=generic fleet; targets=Polygon Target 3 | Polygon Target 10; removed=95%,base fleet=20 (idle=20); case fleet=20 (idle=20),restored coverage_threshold: 95%,passed_expected_valid_case_checks,,,,,"Accept: the 95% threshold is restored, so EXECUTE is consistent with the available fleet."
cf6f176c:resource_conflict_block,cluster:cf6f176c,cf6f176c,train,area_search,extreme,resource_conflict_block,BLOCK,"Use any available drone or drones to execute comprehensive area coverage searches of Polygon Target 3 and Polygon Target 10. Cover both target areas with efficient grid, spiral, or serpentine patterns until each target reaches at least 95% area coverage.",UAVs=generic fleet; targets=Polygon Target 3 | Polygon Target 10; removed=95%,base fleet=20 (idle=20); case fleet=0,irrecoverable fleet conflict; required fleet=1; visible fleet=0; proposed BLOCK,passed_expected_valid_case_checks,,,,,"Accept: BLOCK is correct—at least one UAV is required, but no UAV is visible."
dfb72cbb:canonical_execute,cluster:dfb72cbb,dfb72cbb,train,area_assignment_and_patrol,easy,canonical_execute,EXECUTE,Drone 5 executes comprehensive area search of Circle Target 1. Take off to 23 meters and perform a systematic coverage pattern to search at least 95% of the target area using an efficient pattern.,UAVs=Drone 5; targets=Circle Target 1; removed=Drone 5,base fleet=5 (idle=5); case fleet=5 (idle=5),unchanged canonical instruction,passed_expected_valid_case_checks,,,,,"Accept: complete, executable area assignment and patrol baseline; the fleet context supports EXECUTE."
dfb72cbb:official_alias_execute,cluster:dfb72cbb,dfb72cbb,train,area_assignment_and_patrol,easy,official_alias_execute,EXECUTE,Deploy Drone 5 for comprehensive 95% sweep of Circle Target 1 at 23m,UAVs=Drone 5; targets=Circle Target 1; removed=Drone 5,base fleet=5 (idle=5); case fleet=5 (idle=5),official source alias; no context mutation,passed_expected_valid_case_checks,,,,,Accept: faithful alias; it preserves the operational constraints and supports EXECUTE.
dfb72cbb:missing_information_clarify,cluster:dfb72cbb,dfb72cbb,train,area_assignment_and_patrol,easy,missing_information_clarify,CLARIFY,Assigned UAV A executes comprehensive area search of Circle Target 1. Take off to 23 meters and perform a systematic coverage pattern to search at least 95% of the target area using an efficient pattern.,UAVs=Drone 5; targets=Circle Target 1; removed=Drone 5,base fleet=5 (idle=5); case fleet=5 (idle=5),removed explicit_drone_identity: Drone 5,passed_expected_valid_case_checks,,,,,Accept: CLARIFY is correct because the UAV identity mapping (Drone 5) is omitted.
dfb72cbb:restored_information_execute,cluster:dfb72cbb,dfb72cbb,train,area_assignment_and_patrol,easy,restored_information_execute,EXECUTE,Assigned UAV A (Drone 5) executes comprehensive area search of Circle Target 1. Take off to 23 meters and perform a systematic coverage pattern to search at least 95% of the target area using an efficient pattern.,UAVs=Drone 5; targets=Circle Target 1; removed=Drone 5,base fleet=5 (idle=5); case fleet=5 (idle=5),restored explicit_drone_identity: Drone 5,passed_expected_valid_case_checks,,,,,"Accept: the UAV identities (Drone 5) are restored, making the instruction executable."
dfb72cbb:resource_conflict_block,cluster:dfb72cbb,dfb72cbb,train,area_assignment_and_patrol,easy,resource_conflict_block,BLOCK,Drone 5 executes comprehensive area search of Circle Target 1. Take off to 23 meters and perform a systematic coverage pattern to search at least 95% of the target area using an efficient pattern.,UAVs=Drone 5; targets=Circle Target 1; removed=Drone 5,base fleet=5 (idle=5); case fleet=4 (idle=4),irrecoverable fleet conflict; removed required UAVs=Drone 5; proposed BLOCK,passed_expected_valid_case_checks,,,,,Accept: BLOCK is correct—the required UAVs (Drone 5) are unavailable and should not be silently substituted.
e2a220d0:canonical_execute,cluster:e2a220d0,e2a220d0,train,area_assignment_and_patrol,intermediate,canonical_execute,EXECUTE,"Drone Drone 4 should take off to 12 meters altitude, fly to pickup point at (228, 257, 12), land to collect goods, then take off again to 12 meters, fly to delivery point at (726, 505, 12), and land to complete delivery.","UAVs=Drone 4; coordinates=(228, 257, 12) | (726, 505, 12); removed=Drone 4",base fleet=8 (idle=8); case fleet=8 (idle=8),unchanged canonical instruction,passed_expected_valid_case_checks,,,,,"Accept: complete, executable area assignment and patrol baseline; the fleet context supports EXECUTE. Minor wording edit: remove the duplicated 'Drone' label."
e2a220d0:official_alias_execute,cluster:e2a220d0,e2a220d0,train,area_assignment_and_patrol,intermediate,official_alias_execute,EXECUTE,"make Drone 4 pick up goods at (228,257,12) , land to pick up, and carry to (726,505,12), then land to drop off","UAVs=Drone 4; coordinates=(228, 257, 12) | (726, 505, 12); removed=Drone 4",base fleet=8 (idle=8); case fleet=8 (idle=8),official source alias; no context mutation,passed_expected_valid_case_checks,,,,,Accept: faithful alias; it preserves the operational constraints and supports EXECUTE.
e2a220d0:missing_information_clarify,cluster:e2a220d0,e2a220d0,train,area_assignment_and_patrol,intermediate,missing_information_clarify,CLARIFY,"Assigned UAV A should take off to 12 meters altitude, fly to pickup point at (228, 257, 12), land to collect goods, then take off again to 12 meters, fly to delivery point at (726, 505, 12), and land to complete delivery.","UAVs=Drone 4; coordinates=(228, 257, 12) | (726, 505, 12); removed=Drone 4",base fleet=8 (idle=8); case fleet=8 (idle=8),removed explicit_drone_identity: Drone 4,passed_expected_valid_case_checks,,,,,Accept: CLARIFY is correct because the UAV identity mapping (Drone 4) is omitted.
e2a220d0:restored_information_execute,cluster:e2a220d0,e2a220d0,train,area_assignment_and_patrol,intermediate,restored_information_execute,EXECUTE,"Assigned UAV A (Drone 4) should take off to 12 meters altitude, fly to pickup point at (228, 257, 12), land to collect goods, then take off again to 12 meters, fly to delivery point at (726, 505, 12), and land to complete delivery.","UAVs=Drone 4; coordinates=(228, 257, 12) | (726, 505, 12); removed=Drone 4",base fleet=8 (idle=8); case fleet=8 (idle=8),restored explicit_drone_identity: Drone 4,passed_expected_valid_case_checks,,,,,"Accept: the UAV identities (Drone 4) are restored, making the instruction executable."
e2a220d0:resource_conflict_block,cluster:e2a220d0,e2a220d0,train,area_assignment_and_patrol,intermediate,resource_conflict_block,BLOCK,"Drone Drone 4 should take off to 12 meters altitude, fly to pickup point at (228, 257, 12), land to collect goods, then take off again to 12 meters, fly to delivery point at (726, 505, 12), and land to complete delivery.","UAVs=Drone 4; coordinates=(228, 257, 12) | (726, 505, 12); removed=Drone 4",base fleet=8 (idle=8); case fleet=7 (idle=7),irrecoverable fleet conflict; removed required UAVs=Drone 4; proposed BLOCK,passed_expected_valid_case_checks,,,,,Accept: BLOCK is correct—the required UAVs (Drone 4) are unavailable and should not be silently substituted. Minor wording edit: remove the duplicated 'Drone' label.
e6c6fcb7:canonical_execute,cluster:e6c6fcb7,e6c6fcb7,train,area_assignment_and_patrol,moderate,canonical_execute,EXECUTE,Take off necessary drones and search the assigned area targets with systematic coverage patterns until the session task progress exceeds 95%.,UAVs=generic fleet; removed=95%,base fleet=10 (idle=10); case fleet=10 (idle=10),unchanged canonical instruction,passed_expected_valid_case_checks,,,,,"Accept: complete, executable area assignment and patrol baseline; the fleet context supports EXECUTE."
e6c6fcb7:official_alias_execute,cluster:e6c6fcb7,e6c6fcb7,train,area_assignment_and_patrol,moderate,official_alias_execute,EXECUTE,Launch the required drones and perform area coverage searches until overall session progress passes 95%.,UAVs=generic fleet; removed=95%,base fleet=10 (idle=10); case fleet=10 (idle=10),official source alias; no context mutation,passed_expected_valid_case_checks,,,,,Accept: faithful alias; it preserves the operational constraints and supports EXECUTE.
e6c6fcb7:missing_information_clarify,cluster:e6c6fcb7,e6c6fcb7,train,area_assignment_and_patrol,moderate,missing_information_clarify,CLARIFY,Take off necessary drones and search the assigned area targets with systematic coverage patterns until the session task progress exceeds the required threshold.,UAVs=generic fleet; removed=95%,base fleet=10 (idle=10); case fleet=10 (idle=10),removed coverage_threshold: 95%,passed_expected_valid_case_checks,,,,,Accept: CLARIFY is correct because the required 95% completion/coverage threshold is omitted.
e6c6fcb7:restored_information_execute,cluster:e6c6fcb7,e6c6fcb7,train,area_assignment_and_patrol,moderate,restored_information_execute,EXECUTE,Take off necessary drones and search the assigned area targets with systematic coverage patterns until the session task progress exceeds the required threshold (95%).,UAVs=generic fleet; removed=95%,base fleet=10 (idle=10); case fleet=10 (idle=10),restored coverage_threshold: 95%,passed_expected_valid_case_checks,,,,,"Accept: the 95% threshold is restored, so EXECUTE is consistent with the available fleet."
e6c6fcb7:resource_conflict_block,cluster:e6c6fcb7,e6c6fcb7,train,area_assignment_and_patrol,moderate,resource_conflict_block,BLOCK,Take off necessary drones and search the assigned area targets with systematic coverage patterns until the session task progress exceeds 95%.,UAVs=generic fleet; removed=95%,base fleet=10 (idle=10); case fleet=0,irrecoverable fleet conflict; required fleet=1; visible fleet=0; proposed BLOCK,passed_expected_valid_case_checks,,,,,"Accept: BLOCK is correct—at least one UAV is required, but no UAV is visible."
e77a06f5:canonical_execute,cluster:e77a06f5,e77a06f5,train,area_assignment_and_patrol,hard,canonical_execute,EXECUTE,Take off necessary drones and search the assigned area targets with systematic coverage patterns until the session task progress exceeds 95%.,UAVs=generic fleet; removed=95%,base fleet=20 (idle=20); case fleet=20 (idle=20),unchanged canonical instruction,passed_expected_valid_case_checks,,,,,"Accept: complete, executable area assignment and patrol baseline; the fleet context supports EXECUTE."
e77a06f5:official_alias_execute,cluster:e77a06f5,e77a06f5,train,area_assignment_and_patrol,hard,official_alias_execute,EXECUTE,Use available drones to search the assigned areas with efficient coverage patterns until task progress exceeds 95%.,UAVs=generic fleet; removed=95%,base fleet=20 (idle=20); case fleet=20 (idle=20),official source alias; no context mutation,passed_expected_valid_case_checks,,,,,Accept: faithful alias; it preserves the operational constraints and supports EXECUTE.
e77a06f5:missing_information_clarify,cluster:e77a06f5,e77a06f5,train,area_assignment_and_patrol,hard,missing_information_clarify,CLARIFY,Take off necessary drones and search the assigned area targets with systematic coverage patterns until the session task progress exceeds the required threshold.,UAVs=generic fleet; removed=95%,base fleet=20 (idle=20); case fleet=20 (idle=20),removed coverage_threshold: 95%,passed_expected_valid_case_checks,,,,,Accept: CLARIFY is correct because the required 95% completion/coverage threshold is omitted.
e77a06f5:restored_information_execute,cluster:e77a06f5,e77a06f5,train,area_assignment_and_patrol,hard,restored_information_execute,EXECUTE,Take off necessary drones and search the assigned area targets with systematic coverage patterns until the session task progress exceeds the required threshold (95%).,UAVs=generic fleet; removed=95%,base fleet=20 (idle=20); case fleet=20 (idle=20),restored coverage_threshold: 95%,passed_expected_valid_case_checks,,,,,"Accept: the 95% threshold is restored, so EXECUTE is consistent with the available fleet."
e77a06f5:resource_conflict_block,cluster:e77a06f5,e77a06f5,train,area_assignment_and_patrol,hard,resource_conflict_block,BLOCK,Take off necessary drones and search the assigned area targets with systematic coverage patterns until the session task progress exceeds 95%.,UAVs=generic fleet; removed=95%,base fleet=20 (idle=20); case fleet=0,irrecoverable fleet conflict; required fleet=1; visible fleet=0; proposed BLOCK,passed_expected_valid_case_checks,,,,,"Accept: BLOCK is correct—at least one UAV is required, but no UAV is visible."
f091e16d:canonical_execute,cluster:f091e16d,f091e16d,train,target_assignment,hard,canonical_execute,EXECUTE,"Drones Drone 15 and Drone 16 perform a dual marathon flight at 23 meters. Drone 15 route: fly to and start at (117, 95, 23), then waypoints (131, 162, 23), (870, 183, 23), (217, 309, 23), (809, 392, 23), (152, 540, 23), (831, 613, 23), (181, 637, 23), (785, 750, 23), (275, 865, 23), (688, 954, 23), then end (920, 882, 23) and land. Drone 16 route: fly to and start at  (936, 52, 23), then waypoints (857, 186, 23), (169, 247, 23), (859, 284, 23), (114, 383, 23), (880, 519, 23), (112, 551, 23), (788, 644, 23), (177, 701, 23), (793, 894, 23), (268, 936, 23), then end (94, 930, 23) and land.","UAVs=Drone 15, Drone 16; coordinates=(117, 95, 23) | (131, 162, 23) | (870, 183, 23) | (217, 309, 23) (+20 more); removed=Drone 15 | Drone 16",base fleet=20 (idle=20); case fleet=20 (idle=20),unchanged canonical instruction,passed_expected_valid_case_checks,,,,,"Accept: complete, executable target assignment baseline; the fleet context supports EXECUTE. Minor wording edit: remove the duplicated 'Drone' label."
f091e16d:official_alias_execute,cluster:f091e16d,f091e16d,train,target_assignment,hard,official_alias_execute,EXECUTE,"Dual marathon routes at 23m: Drone 15 fly to and start at  (117,95) -> (131,162) -> (870,183) -> (217,309) -> (809,392) -> (152,540) -> (831,613) -> (181,637) -> (785,750) -> (275,865) -> (688,954) -> end (920,882); Drone 16 fly to and start at (936,52) -> (857,186) -> (169,247) -> (859,284) -> (114,383) -> (880,519) -> (112,551) -> (788,644) -> (177,701) -> (793,894) -> (268,936) -> end (94,930); both drones land.","UAVs=Drone 15, Drone 16; coordinates=(117, 95, 23) | (131, 162, 23) | (870, 183, 23) | (217, 309, 23) (+20 more); removed=Drone 15 | Drone 16",base fleet=20 (idle=20); case fleet=20 (idle=20),official source alias; no context mutation,passed_expected_valid_case_checks,,,,,Accept: faithful alias; it preserves the operational constraints and supports EXECUTE.
f091e16d:missing_information_clarify,cluster:f091e16d,f091e16d,train,target_assignment,hard,missing_information_clarify,CLARIFY,"Assigned UAV A and Assigned UAV B perform a dual marathon flight at 23 meters. Assigned UAV A route: fly to and start at (117, 95, 23), then waypoints (131, 162, 23), (870, 183, 23), (217, 309, 23), (809, 392, 23), (152, 540, 23), (831, 613, 23), (181, 637, 23), (785, 750, 23), (275, 865, 23), (688, 954, 23), then end (920, 882, 23) and land. Assigned UAV B route: fly to and start at (936, 52, 23), then waypoints (857, 186, 23), (169, 247, 23), (859, 284, 23), (114, 383, 23), (880, 519, 23), (112, 551, 23), (788, 644, 23), (177, 701, 23), (793, 894, 23), (268, 936, 23), then end (94, 930, 23) and land.","UAVs=Drone 15, Drone 16; coordinates=(117, 95, 23) | (131, 162, 23) | (870, 183, 23) | (217, 309, 23) (+20 more); removed=Drone 15 | Drone 16",base fleet=20 (idle=20); case fleet=20 (idle=20),removed explicit_drone_identity: Drone 15 | Drone 16,passed_expected_valid_case_checks,,,,,"Accept: CLARIFY is correct because the UAV identity mapping (Drone 15, Drone 16) is omitted."
f091e16d:restored_information_execute,cluster:f091e16d,f091e16d,train,target_assignment,hard,restored_information_execute,EXECUTE,"Assigned UAV A (Drone 15) and Assigned UAV B (Drone 16) perform a dual marathon flight at 23 meters. Assigned UAV A (Drone 15) route: fly to and start at (117, 95, 23), then waypoints (131, 162, 23), (870, 183, 23), (217, 309, 23), (809, 392, 23), (152, 540, 23), (831, 613, 23), (181, 637, 23), (785, 750, 23), (275, 865, 23), (688, 954, 23), then end (920, 882, 23) and land. Assigned UAV B (Drone 16) route: fly to and start at (936, 52, 23), then waypoints (857, 186, 23), (169, 247, 23), (859, 284, 23), (114, 383, 23), (880, 519, 23), (112, 551, 23), (788, 644, 23), (177, 701, 23), (793, 894, 23), (268, 936, 23), then end (94, 930, 23) and land.","UAVs=Drone 15, Drone 16; coordinates=(117, 95, 23) | (131, 162, 23) | (870, 183, 23) | (217, 309, 23) (+20 more); removed=Drone 15 | Drone 16",base fleet=20 (idle=20); case fleet=20 (idle=20),restored explicit_drone_identity: Drone 15 | Drone 16,passed_expected_valid_case_checks,,,,,"Accept: the UAV identities (Drone 15, Drone 16) are restored, making the instruction executable."
f091e16d:resource_conflict_block,cluster:f091e16d,f091e16d,train,target_assignment,hard,resource_conflict_block,BLOCK,"Drones Drone 15 and Drone 16 perform a dual marathon flight at 23 meters. Drone 15 route: fly to and start at (117, 95, 23), then waypoints (131, 162, 23), (870, 183, 23), (217, 309, 23), (809, 392, 23), (152, 540, 23), (831, 613, 23), (181, 637, 23), (785, 750, 23), (275, 865, 23), (688, 954, 23), then end (920, 882, 23) and land. Drone 16 route: fly to and start at  (936, 52, 23), then waypoints (857, 186, 23), (169, 247, 23), (859, 284, 23), (114, 383, 23), (880, 519, 23), (112, 551, 23), (788, 644, 23), (177, 701, 23), (793, 894, 23), (268, 936, 23), then end (94, 930, 23) and land.","UAVs=Drone 15, Drone 16; coordinates=(117, 95, 23) | (131, 162, 23) | (870, 183, 23) | (217, 309, 23) (+20 more); removed=Drone 15 | Drone 16",base fleet=20 (idle=20); case fleet=18 (idle=18),irrecoverable fleet conflict; removed required UAVs=Drone 15 | Drone 16; proposed BLOCK,passed_expected_valid_case_checks,,,,,"Accept: BLOCK is correct—the required UAVs (Drone 15, Drone 16) are unavailable and should not be silently substituted. Minor wording edit: remove the duplicated 'Drone' label."
f287eeb3:canonical_execute,cluster:f287eeb3,f287eeb3,train,target_assignment,extreme,canonical_execute,EXECUTE,"Drone Drone 25 executes delivery route: take off to 19 meters, fly to waypoint 1 at (367, 228, 19) and land to deliver. Then take off, fly to waypoint 2 at (591, 280, 19) and land. Finally take off, fly to waypoint 3 at (513, 526, 19) and land to complete the mission.","UAVs=Drone 25; targets=waypoint 1 | waypoint 2 | waypoint 3; coordinates=(367, 228, 19) | (591, 280, 19) | (513, 526, 19); removed=Drone 25",base fleet=30 (idle=30); case fleet=30 (idle=30),unchanged canonical instruction,passed_expected_valid_case_checks,,,,,"Accept: complete, executable target assignment baseline; the fleet context supports EXECUTE. Minor wording edit: remove the duplicated 'Drone' label."
f287eeb3:official_alias_execute,cluster:f287eeb3,f287eeb3,train,target_assignment,extreme,official_alias_execute,EXECUTE,"Drone 25 multi-stop delivery: visit and land at (367,228), then (591,280), then (513,526).","UAVs=Drone 25; targets=waypoint 1 | waypoint 2 | waypoint 3; coordinates=(367, 228, 19) | (591, 280, 19) | (513, 526, 19); removed=Drone 25",base fleet=30 (idle=30); case fleet=30 (idle=30),official source alias; no context mutation,passed_expected_valid_case_checks,,,,,Accept: faithful alias; it preserves the operational constraints and supports EXECUTE.
f287eeb3:missing_information_clarify,cluster:f287eeb3,f287eeb3,train,target_assignment,extreme,missing_information_clarify,CLARIFY,"Assigned UAV A executes delivery route: take off to 19 meters, fly to waypoint 1 at (367, 228, 19) and land to deliver. Then take off, fly to waypoint 2 at (591, 280, 19) and land. Finally take off, fly to waypoint 3 at (513, 526, 19) and land to complete the mission.","UAVs=Drone 25; targets=waypoint 1 | waypoint 2 | waypoint 3; coordinates=(367, 228, 19) | (591, 280, 19) | (513, 526, 19); removed=Drone 25",base fleet=30 (idle=30); case fleet=30 (idle=30),removed explicit_drone_identity: Drone 25,passed_expected_valid_case_checks,,,,,Accept: CLARIFY is correct because the UAV identity mapping (Drone 25) is omitted.
f287eeb3:restored_information_execute,cluster:f287eeb3,f287eeb3,train,target_assignment,extreme,restored_information_execute,EXECUTE,"Assigned UAV A (Drone 25) executes delivery route: take off to 19 meters, fly to waypoint 1 at (367, 228, 19) and land to deliver. Then take off, fly to waypoint 2 at (591, 280, 19) and land. Finally take off, fly to waypoint 3 at (513, 526, 19) and land to complete the mission.","UAVs=Drone 25; targets=waypoint 1 | waypoint 2 | waypoint 3; coordinates=(367, 228, 19) | (591, 280, 19) | (513, 526, 19); removed=Drone 25",base fleet=30 (idle=30); case fleet=30 (idle=30),restored explicit_drone_identity: Drone 25,passed_expected_valid_case_checks,,,,,"Accept: the UAV identities (Drone 25) are restored, making the instruction executable."
f287eeb3:resource_conflict_block,cluster:f287eeb3,f287eeb3,train,target_assignment,extreme,resource_conflict_block,BLOCK,"Drone Drone 25 executes delivery route: take off to 19 meters, fly to waypoint 1 at (367, 228, 19) and land to deliver. Then take off, fly to waypoint 2 at (591, 280, 19) and land. Finally take off, fly to waypoint 3 at (513, 526, 19) and land to complete the mission.","UAVs=Drone 25; targets=waypoint 1 | waypoint 2 | waypoint 3; coordinates=(367, 228, 19) | (591, 280, 19) | (513, 526, 19); removed=Drone 25",base fleet=30 (idle=30); case fleet=29 (idle=29),irrecoverable fleet conflict; removed required UAVs=Drone 25; proposed BLOCK,passed_expected_valid_case_checks,,,,,Accept: BLOCK is correct—the required UAVs (Drone 25) are unavailable and should not be silently substituted. Minor wording edit: remove the duplicated 'Drone' label.
f9fd296e:canonical_execute,cluster:f9fd296e,f9fd296e,train,area_search,extreme,canonical_execute,EXECUTE,"Drone Drone 9 performs photo documentation mission: take off to 20 meters, visit three waypoints at (155, 257, 20), (451, 569, 20), and (748, 863, 20). At each waypoint, take a photo.","UAVs=Drone 9; coordinates=(155, 257, 20) | (451, 569, 20) | (748, 863, 20); removed=Drone 9",base fleet=20 (idle=20); case fleet=20 (idle=20),unchanged canonical instruction,passed_expected_valid_case_checks,,,,,"Accept: complete, executable area search baseline; the fleet context supports EXECUTE. Minor wording edit: remove the duplicated 'Drone' label."
f9fd296e:official_alias_execute,cluster:f9fd296e,f9fd296e,train,area_search,extreme,official_alias_execute,EXECUTE,"Drone 9 needs to capture photos at three locations: (155, 257), (451, 569), and (748, 863) at 20m altitude.","UAVs=Drone 9; coordinates=(155, 257, 20) | (451, 569, 20) | (748, 863, 20); removed=Drone 9",base fleet=20 (idle=20); case fleet=20 (idle=20),official source alias; no context mutation,passed_expected_valid_case_checks,,,,,Accept: faithful alias; it preserves the operational constraints and supports EXECUTE.
f9fd296e:missing_information_clarify,cluster:f9fd296e,f9fd296e,train,area_search,extreme,missing_information_clarify,CLARIFY,"Assigned UAV A performs photo documentation mission: take off to 20 meters, visit three waypoints at (155, 257, 20), (451, 569, 20), and (748, 863, 20). At each waypoint, take a photo.","UAVs=Drone 9; coordinates=(155, 257, 20) | (451, 569, 20) | (748, 863, 20); removed=Drone 9",base fleet=20 (idle=20); case fleet=20 (idle=20),removed explicit_drone_identity: Drone 9,passed_expected_valid_case_checks,,,,,Accept: CLARIFY is correct because the UAV identity mapping (Drone 9) is omitted.
f9fd296e:restored_information_execute,cluster:f9fd296e,f9fd296e,train,area_search,extreme,restored_information_execute,EXECUTE,"Assigned UAV A (Drone 9) performs photo documentation mission: take off to 20 meters, visit three waypoints at (155, 257, 20), (451, 569, 20), and (748, 863, 20). At each waypoint, take a photo.","UAVs=Drone 9; coordinates=(155, 257, 20) | (451, 569, 20) | (748, 863, 20); removed=Drone 9",base fleet=20 (idle=20); case fleet=20 (idle=20),restored explicit_drone_identity: Drone 9,passed_expected_valid_case_checks,,,,,"Accept: the UAV identities (Drone 9) are restored, making the instruction executable."
f9fd296e:resource_conflict_block,cluster:f9fd296e,f9fd296e,train,area_search,extreme,resource_conflict_block,BLOCK,"Drone Drone 9 performs photo documentation mission: take off to 20 meters, visit three waypoints at (155, 257, 20), (451, 569, 20), and (748, 863, 20). At each waypoint, take a photo.","UAVs=Drone 9; coordinates=(155, 257, 20) | (451, 569, 20) | (748, 863, 20); removed=Drone 9",base fleet=20 (idle=20); case fleet=19 (idle=19),irrecoverable fleet conflict; removed required UAVs=Drone 9; proposed BLOCK,passed_expected_valid_case_checks,,,,,Accept: BLOCK is correct—the required UAVs (Drone 9) are unavailable and should not be silently substituted. Minor wording edit: remove the duplicated 'Drone' label.
fd5b7f9f:canonical_execute,cluster:fd5b7f9f,fd5b7f9f,train,area_search,intermediate,canonical_execute,EXECUTE,"Drones Drone 1, Drone 4, and Drone 3 must take off to 22 meters. Drone 1 photographs targets Polygon Target 1 and Polygon Target 1. Drone 4 photographs targets Circle Target 1 and Polygon Target 3. Drone 3 photographs targets Polygon Target 1 and Circle Target 2.","UAVs=Drone 1, Drone 4, Drone 3; targets=Polygon Target 1 | Circle Target 1 | Polygon Target 3 | Circle Target 2; removed=Drone 1 | Drone 4 | Drone 3",base fleet=5 (idle=5); case fleet=5 (idle=5),unchanged canonical instruction,passed_expected_valid_case_checks,,,,,"Accept: complete, executable area search baseline; the fleet context supports EXECUTE. Minor wording edit: remove the duplicated 'Drone' label."
fd5b7f9f:official_alias_execute,cluster:fd5b7f9f,fd5b7f9f,train,area_search,intermediate,official_alias_execute,EXECUTE,"Coordinated multi-drone inspection at 22m: Drone 1 photographs Polygon Target 1/Polygon Target 1, Drone 4 photographs Circle Target 1/Polygon Target 3, Drone 3 photographs Polygon Target 1/Circle Target 2.","UAVs=Drone 1, Drone 4, Drone 3; targets=Polygon Target 1 | Circle Target 1 | Polygon Target 3 | Circle Target 2; removed=Drone 1 | Drone 4 | Drone 3",base fleet=5 (idle=5); case fleet=5 (idle=5),official source alias; no context mutation,passed_expected_valid_case_checks,,,,,Accept: faithful alias; it preserves the operational constraints and supports EXECUTE.
fd5b7f9f:missing_information_clarify,cluster:fd5b7f9f,fd5b7f9f,train,area_search,intermediate,missing_information_clarify,CLARIFY,"Assigned UAV A, Assigned UAV B, and Assigned UAV C must take off to 22 meters. Assigned UAV A photographs targets Polygon Target 1 and Polygon Target 1. Assigned UAV B photographs targets Circle Target 1 and Polygon Target 3. Assigned UAV C photographs targets Polygon Target 1 and Circle Target 2.","UAVs=Drone 1, Drone 4, Drone 3; targets=Polygon Target 1 | Circle Target 1 | Polygon Target 3 | Circle Target 2; removed=Drone 1 | Drone 4 | Drone 3",base fleet=5 (idle=5); case fleet=5 (idle=5),removed explicit_drone_identity: Drone 1 | Drone 4 | Drone 3,passed_expected_valid_case_checks,,,,,"Accept: CLARIFY is correct because the UAV identity mapping (Drone 1, Drone 4, Drone 3) is omitted."
fd5b7f9f:restored_information_execute,cluster:fd5b7f9f,fd5b7f9f,train,area_search,intermediate,restored_information_execute,EXECUTE,"Assigned UAV A (Drone 1), Assigned UAV B (Drone 4), and Assigned UAV C (Drone 3) must take off to 22 meters. Assigned UAV A (Drone 1) photographs targets Polygon Target 1 and Polygon Target 1. Assigned UAV B (Drone 4) photographs targets Circle Target 1 and Polygon Target 3. Assigned UAV C (Drone 3) photographs targets Polygon Target 1 and Circle Target 2.","UAVs=Drone 1, Drone 4, Drone 3; targets=Polygon Target 1 | Circle Target 1 | Polygon Target 3 | Circle Target 2; removed=Drone 1 | Drone 4 | Drone 3",base fleet=5 (idle=5); case fleet=5 (idle=5),restored explicit_drone_identity: Drone 1 | Drone 4 | Drone 3,passed_expected_valid_case_checks,,,,,"Accept: the UAV identities (Drone 1, Drone 4, Drone 3) are restored, making the instruction executable."
fd5b7f9f:resource_conflict_block,cluster:fd5b7f9f,fd5b7f9f,train,area_search,intermediate,resource_conflict_block,BLOCK,"Drones Drone 1, Drone 4, and Drone 3 must take off to 22 meters. Drone 1 photographs targets Polygon Target 1 and Polygon Target 1. Drone 4 photographs targets Circle Target 1 and Polygon Target 3. Drone 3 photographs targets Polygon Target 1 and Circle Target 2.","UAVs=Drone 1, Drone 4, Drone 3; targets=Polygon Target 1 | Circle Target 1 | Polygon Target 3 | Circle Target 2; removed=Drone 1 | Drone 4 | Drone 3",base fleet=5 (idle=5); case fleet=2 (idle=2),irrecoverable fleet conflict; removed required UAVs=Drone 1 | Drone 3 | Drone 4; proposed BLOCK,passed_expected_valid_case_checks,,,,,"Accept: BLOCK is correct—the required UAVs (Drone 1, Drone 3, Drone 4) are unavailable and should not be silently substituted. Minor wording edit: remove the duplicated 'Drone' label."
